step_idx,is_prefill,batch_size,scheduled_tokens,cached_blocks,elapsed_s,running,waiting,free_blocks,allocated_blocks
0,True,1,512,0,0.048366347094997764,1,0,2488,2
1,False,1,1,0,0.06341603607870638,1,0,2487,3
2,False,1,1,0,0.050537848961539567,1,0,2487,3
3,False,1,1,0,0.05109302804339677,1,0,2487,3
4,False,1,1,0,0.04987518594134599,1,0,2487,3
5,False,1,1,0,0.05205337202642113,1,0,2487,3
6,False,1,1,0,0.056980971014127135,1,0,2487,3
7,False,1,1,0,0.05044783395715058,1,0,2487,3
8,False,1,1,0,0.05020929500460625,1,0,2487,3
9,False,1,1,0,0.050862065982073545,1,0,2487,3
10,False,1,1,0,0.050575957051478326,1,0,2487,3
11,False,1,1,0,0.05015492590609938,1,0,2487,3
12,False,1,1,0,0.05024131410755217,1,0,2487,3
13,False,1,1,0,0.0500252649653703,1,0,2487,3
14,False,1,1,0,0.05189794395118952,1,0,2487,3
15,False,1,1,0,0.050304790027439594,1,0,2487,3
16,False,1,1,0,0.04989913490135223,1,0,2487,3
17,False,1,1,0,0.050036589964292943,1,0,2487,3
18,False,1,1,0,0.049766464973799884,1,0,2487,3
19,False,1,1,0,0.04952687304466963,1,0,2487,3
20,False,1,1,0,0.05172686802688986,1,0,2487,3
21,False,1,1,0,0.04955810110550374,1,0,2487,3
22,False,1,1,0,0.05020110192708671,1,0,2487,3
23,False,1,1,0,0.05413213593419641,1,0,2487,3
24,False,1,1,0,0.0555403659818694,1,0,2487,3
25,False,1,1,0,0.05136909103021026,1,0,2487,3
26,False,1,1,0,0.05435822799336165,1,0,2487,3
27,False,1,1,0,0.0504600330023095,1,0,2487,3
28,False,1,1,0,0.04957619891501963,1,0,2487,3
29,False,1,1,0,0.05031243001576513,1,0,2487,3
30,False,1,1,0,0.049884943990036845,1,0,2487,3
31,False,1,1,0,0.049391033011488616,1,0,2487,3
32,False,1,1,0,0.051192154991440475,1,0,2487,3
33,False,1,1,0,0.050372811034321785,1,0,2487,3
34,False,1,1,0,0.051188095938414335,1,0,2487,3
35,False,1,1,0,0.04960737901274115,1,0,2487,3
36,False,1,1,0,0.05030408699531108,1,0,2487,3
37,False,1,1,0,0.04988845798652619,1,0,2487,3
38,False,1,1,0,0.04962220799643546,1,0,2487,3
39,False,1,1,0,0.05009124695789069,1,0,2487,3
40,False,1,1,0,0.050202147918753326,1,0,2487,3
41,False,1,1,0,0.05031017598230392,1,0,2487,3
42,False,1,1,0,0.051158413058146834,1,0,2487,3
43,False,1,1,0,0.05216549802571535,1,0,2487,3
44,False,1,1,0,0.051403873949311674,1,0,2487,3
45,False,1,1,0,0.050201392034068704,1,0,2487,3
46,False,1,1,0,0.04988266306463629,1,0,2487,3
47,False,1,1,0,0.05007294297683984,1,0,2487,3
48,False,1,1,0,0.050063948961906135,1,0,2487,3
49,False,1,1,0,0.054664931958541274,1,0,2487,3
50,False,1,1,0,0.05109474901109934,1,0,2487,3
51,False,1,1,0,0.050057025044225156,1,0,2487,3
52,False,1,1,0,0.051439396920613945,1,0,2487,3
53,False,1,1,0,0.04946918599307537,1,0,2487,3
54,False,1,1,0,0.0493721729144454,1,0,2487,3
55,False,1,1,0,0.04943932592868805,1,0,2487,3
56,False,1,1,0,0.049852025927975774,1,0,2487,3
57,False,1,1,0,0.04972728993743658,1,0,2487,3
58,False,1,1,0,0.04984584799967706,1,0,2487,3
59,False,1,1,0,0.05004352191463113,1,0,2487,3
60,False,1,1,0,0.05002612399403006,1,0,2487,3
61,False,1,1,0,0.04966818506363779,1,0,2487,3
62,False,1,1,0,0.05072021996602416,1,0,2487,3
63,False,1,1,0,0.05329297098796815,1,0,2487,3
64,False,1,1,0,0.05083733203355223,1,0,2487,3
65,False,1,1,0,0.049822426051832736,1,0,2487,3
66,False,1,1,0,0.04982098692562431,1,0,2487,3
67,False,1,1,0,0.051256619044579566,1,0,2487,3
68,False,1,1,0,0.05368222494143993,1,0,2487,3
69,False,1,1,0,0.057969523943029344,1,0,2487,3
70,False,1,1,0,0.06493912497535348,1,0,2487,3
71,False,1,1,0,0.0705998920602724,1,0,2487,3
72,False,1,1,0,0.06534796208143234,1,0,2487,3
73,False,1,1,0,0.05148906109388918,1,0,2487,3
74,False,1,1,0,0.050528482999652624,1,0,2487,3
75,False,1,1,0,0.05121794401202351,1,0,2487,3
76,False,1,1,0,0.050534995971247554,1,0,2487,3
77,False,1,1,0,0.0503144150134176,1,0,2487,3
78,False,1,1,0,0.051442497060634196,1,0,2487,3
79,False,1,1,0,0.05057967791799456,1,0,2487,3
80,False,1,1,0,0.050331274047493935,1,0,2487,3
81,False,1,1,0,0.05284776398912072,1,0,2487,3
82,False,1,1,0,0.050659550935961306,1,0,2487,3
83,False,1,1,0,0.05013314797542989,1,0,2487,3
84,False,1,1,0,0.0502949069486931,1,0,2487,3
85,False,1,1,0,0.049512624042108655,1,0,2487,3
86,False,1,1,0,0.05025822308380157,1,0,2487,3
87,False,1,1,0,0.05008345702663064,1,0,2487,3
88,False,1,1,0,0.05021690402645618,1,0,2487,3
89,False,1,1,0,0.050435074022971094,1,0,2487,3
90,False,1,1,0,0.04998254298698157,1,0,2487,3
91,False,1,1,0,0.04984528198838234,1,0,2487,3
92,False,1,1,0,0.04992981196846813,1,0,2487,3
93,False,1,1,0,0.04938252491410822,1,0,2487,3
94,False,1,1,0,0.04944771097507328,1,0,2487,3
95,False,1,1,0,0.04964197403751314,1,0,2487,3
96,False,1,1,0,0.04948472394607961,1,0,2487,3
97,False,1,1,0,0.04927010799292475,1,0,2487,3
98,False,1,1,0,0.05025039904285222,1,0,2487,3
99,False,1,1,0,0.050301647977903485,1,0,2487,3
100,False,1,1,0,0.05031027807854116,1,0,2487,3
101,False,1,1,0,0.05090259690769017,1,0,2487,3
102,False,1,1,0,0.05028305505402386,1,0,2487,3
103,False,1,1,0,0.05655560200102627,1,0,2487,3
104,False,1,1,0,0.05382343893870711,1,0,2487,3
105,False,1,1,0,0.05004445998929441,1,0,2487,3
106,False,1,1,0,0.049822863074950874,1,0,2487,3
107,False,1,1,0,0.05046734306961298,1,0,2487,3
108,False,1,1,0,0.05076071503572166,1,0,2487,3
109,False,1,1,0,0.05033839901443571,1,0,2487,3
110,False,1,1,0,0.04974935203790665,1,0,2487,3
111,False,1,1,0,0.05029614991508424,1,0,2487,3
112,False,1,1,0,0.049713697051629424,1,0,2487,3
113,False,1,1,0,0.049930850975215435,1,0,2487,3
114,False,1,1,0,0.04976459499448538,1,0,2487,3
115,False,1,1,0,0.050090775010176,1,0,2487,3
116,False,1,1,0,0.049472999991849065,1,0,2487,3
117,False,1,1,0,0.049308441928587854,1,0,2487,3
118,False,1,1,0,0.049729867023415864,1,0,2487,3
119,False,1,1,0,0.0494548020651564,1,0,2487,3
120,False,1,1,0,0.050602281000465155,1,0,2487,3
121,False,1,1,0,0.05029361101333052,1,0,2487,3
122,False,1,1,0,0.05335005698725581,1,0,2487,3
123,False,1,1,0,0.05193691700696945,1,0,2487,3
124,False,1,1,0,0.052181867067702115,1,0,2487,3
125,False,1,1,0,0.05007355904672295,1,0,2487,3
126,False,1,1,0,0.05012554198037833,1,0,2487,3
127,False,1,1,0,0.049885393935255706,0,0,2490,0
128,True,1,512,0,0.047911813016980886,1,0,2488,2
129,False,1,1,0,0.04994516703300178,1,0,2487,3
130,False,1,1,0,0.05055657308548689,1,0,2487,3
131,False,1,1,0,0.04943284497130662,1,0,2487,3
132,False,1,1,0,0.0499341149115935,1,0,2487,3
133,False,1,1,0,0.0498150639468804,1,0,2487,3
134,False,1,1,0,0.0495872690808028,1,0,2487,3
135,False,1,1,0,0.04978745605330914,1,0,2487,3
136,False,1,1,0,0.05154110596049577,1,0,2487,3
137,False,1,1,0,0.04989833093713969,1,0,2487,3
138,False,1,1,0,0.05173661804292351,1,0,2487,3
139,False,1,1,0,0.0493351990589872,1,0,2487,3
140,False,1,1,0,0.05227849294897169,1,0,2487,3
141,False,1,1,0,0.05021666898392141,1,0,2487,3
142,False,1,1,0,0.05297936697024852,1,0,2487,3
143,False,1,1,0,0.05034879595041275,1,0,2487,3
144,False,1,1,0,0.049588363035582006,1,0,2487,3
145,False,1,1,0,0.04957485804334283,1,0,2487,3
146,False,1,1,0,0.049917060998268425,1,0,2487,3
147,False,1,1,0,0.049846061039716005,1,0,2487,3
148,False,1,1,0,0.050093426019884646,1,0,2487,3
149,False,1,1,0,0.05011214397381991,1,0,2487,3
150,False,1,1,0,0.05139377899467945,1,0,2487,3
151,False,1,1,0,0.049689798965118825,1,0,2487,3
152,False,1,1,0,0.050094542093575,1,0,2487,3
153,False,1,1,0,0.05123991402797401,1,0,2487,3
154,False,1,1,0,0.05275753396563232,1,0,2487,3
155,False,1,1,0,0.06582143192645162,1,0,2487,3
156,False,1,1,0,0.06786646298132837,1,0,2487,3
157,False,1,1,0,0.0608806119998917,1,0,2487,3
158,False,1,1,0,0.0531036329921335,1,0,2487,3
159,False,1,1,0,0.05413602094631642,1,0,2487,3
160,False,1,1,0,0.050897414912469685,1,0,2487,3
161,False,1,1,0,0.05120698199607432,1,0,2487,3
162,False,1,1,0,0.05142582696862519,1,0,2487,3
163,False,1,1,0,0.049986046040430665,1,0,2487,3
164,False,1,1,0,0.05045777000486851,1,0,2487,3
165,False,1,1,0,0.04988575493916869,1,0,2487,3
166,False,1,1,0,0.05139388900715858,1,0,2487,3
167,False,1,1,0,0.0497011459665373,1,0,2487,3
168,False,1,1,0,0.049764930037781596,1,0,2487,3
169,False,1,1,0,0.050642382935620844,1,0,2487,3
170,False,1,1,0,0.05000003904569894,1,0,2487,3
171,False,1,1,0,0.049673622008413076,1,0,2487,3
172,False,1,1,0,0.04962534597143531,1,0,2487,3
173,False,1,1,0,0.049828153918497264,1,0,2487,3
174,False,1,1,0,0.04943000804632902,1,0,2487,3
175,False,1,1,0,0.04933989106211811,1,0,2487,3
176,False,1,1,0,0.04958042502403259,1,0,2487,3
177,False,1,1,0,0.0500184940174222,1,0,2487,3
178,False,1,1,0,0.04998806898947805,1,0,2487,3
179,False,1,1,0,0.050393351004458964,1,0,2487,3
180,False,1,1,0,0.04948255803901702,1,0,2487,3
181,False,1,1,0,0.050449387985281646,1,0,2487,3
182,False,1,1,0,0.0528865170199424,1,0,2487,3
183,False,1,1,0,0.04975290491711348,1,0,2487,3
184,False,1,1,0,0.04986559203825891,1,0,2487,3
185,False,1,1,0,0.049623397062532604,1,0,2487,3
186,False,1,1,0,0.05042736802715808,1,0,2487,3
187,False,1,1,0,0.050132327945902944,1,0,2487,3
188,False,1,1,0,0.050459287012927234,1,0,2487,3
189,False,1,1,0,0.05105297593399882,1,0,2487,3
190,False,1,1,0,0.05247825908008963,1,0,2487,3
191,False,1,1,0,0.055454198038205504,1,0,2487,3
192,False,1,1,0,0.05367775703780353,1,0,2487,3
193,False,1,1,0,0.05262429593130946,1,0,2487,3
194,False,1,1,0,0.0507056099595502,1,0,2487,3
195,False,1,1,0,0.04971920698881149,1,0,2487,3
196,False,1,1,0,0.05050789099186659,1,0,2487,3
197,False,1,1,0,0.04997145594097674,1,0,2487,3
198,False,1,1,0,0.04964986594859511,1,0,2487,3
199,False,1,1,0,0.0520315800094977,1,0,2487,3
200,False,1,1,0,0.05045361095108092,1,0,2487,3
201,False,1,1,0,0.05433364596683532,1,0,2487,3
202,False,1,1,0,0.051132358028553426,1,0,2487,3
203,False,1,1,0,0.050551585969515145,1,0,2487,3
204,False,1,1,0,0.04983667202759534,1,0,2487,3
205,False,1,1,0,0.04999831703025848,1,0,2487,3
206,False,1,1,0,0.049480185960419476,1,0,2487,3
207,False,1,1,0,0.050048984005115926,1,0,2487,3
208,False,1,1,0,0.05243183299899101,1,0,2487,3
209,False,1,1,0,0.05339041305705905,1,0,2487,3
210,False,1,1,0,0.05115583597216755,1,0,2487,3
211,False,1,1,0,0.049497674917802215,1,0,2487,3
212,False,1,1,0,0.04955537198111415,1,0,2487,3
213,False,1,1,0,0.04966947191860527,1,0,2487,3
214,False,1,1,0,0.0493088859366253,1,0,2487,3
215,False,1,1,0,0.05005716695450246,1,0,2487,3
216,False,1,1,0,0.049917264957912266,1,0,2487,3
217,False,1,1,0,0.05106040695682168,1,0,2487,3
218,False,1,1,0,0.05037004500627518,1,0,2487,3
219,False,1,1,0,0.05046998709440231,1,0,2487,3
220,False,1,1,0,0.050292277010157704,1,0,2487,3
221,False,1,1,0,0.05249163892585784,1,0,2487,3
222,False,1,1,0,0.050650272984057665,1,0,2487,3
223,False,1,1,0,0.049873098032549024,1,0,2487,3
224,False,1,1,0,0.04918475297745317,1,0,2487,3
225,False,1,1,0,0.04922060400713235,1,0,2487,3
226,False,1,1,0,0.050897874985821545,1,0,2487,3
227,False,1,1,0,0.05016286903992295,1,0,2487,3
228,False,1,1,0,0.050334418076090515,1,0,2487,3
229,False,1,1,0,0.05035190191119909,1,0,2487,3
230,False,1,1,0,0.04928878601640463,1,0,2487,3
231,False,1,1,0,0.0496964791091159,1,0,2487,3
232,False,1,1,0,0.05013719107955694,1,0,2487,3
233,False,1,1,0,0.04967870994005352,1,0,2487,3
234,False,1,1,0,0.049512279918417335,1,0,2487,3
235,False,1,1,0,0.04955870192497969,1,0,2487,3
236,False,1,1,0,0.050064270035363734,1,0,2487,3
237,False,1,1,0,0.049268823931925,1,0,2487,3
238,False,1,1,0,0.05358138505835086,1,0,2487,3
239,False,1,1,0,0.05862256302498281,1,0,2487,3
240,False,1,1,0,0.06840225495398045,1,0,2487,3
241,False,1,1,0,0.07006473699584603,1,0,2487,3
242,False,1,1,0,0.05698233097791672,1,0,2487,3
243,False,1,1,0,0.05308678897563368,1,0,2487,3
244,False,1,1,0,0.0498415760230273,1,0,2487,3
245,False,1,1,0,0.04972600704059005,1,0,2487,3
246,False,1,1,0,0.04974886996205896,1,0,2487,3
247,False,1,1,0,0.05014704097993672,1,0,2487,3
248,False,1,1,0,0.05017857998609543,1,0,2487,3
249,False,1,1,0,0.049308412009850144,1,0,2487,3
250,False,1,1,0,0.049197242013178766,1,0,2487,3
251,False,1,1,0,0.04967801598832011,1,0,2487,3
252,False,1,1,0,0.049688910017721355,1,0,2487,3
253,False,1,1,0,0.050392813980579376,1,0,2487,3
254,False,1,1,0,0.04979449592065066,1,0,2487,3
255,False,1,1,0,0.05010510794818401,0,0,2490,0
256,True,1,512,0,0.04745059192646295,1,0,2488,2
257,False,1,1,0,0.050132593023590744,1,0,2487,3
258,False,1,1,0,0.05519653600640595,1,0,2487,3
259,False,1,1,0,0.05037298297975212,1,0,2487,3
260,False,1,1,0,0.05122753500472754,1,0,2487,3
261,False,1,1,0,0.049803019035607576,1,0,2487,3
262,False,1,1,0,0.050210374989546835,1,0,2487,3
263,False,1,1,0,0.049859846010804176,1,0,2487,3
264,False,1,1,0,0.04980260692536831,1,0,2487,3
265,False,1,1,0,0.04963176394812763,1,0,2487,3
266,False,1,1,0,0.04990630701649934,1,0,2487,3
267,False,1,1,0,0.051051471033133566,1,0,2487,3
268,False,1,1,0,0.05036643403582275,1,0,2487,3
269,False,1,1,0,0.04932121804449707,1,0,2487,3
270,False,1,1,0,0.04934342496562749,1,0,2487,3
271,False,1,1,0,0.05131385603453964,1,0,2487,3
272,False,1,1,0,0.04995650902856141,1,0,2487,3
273,False,1,1,0,0.04964522598311305,1,0,2487,3
274,False,1,1,0,0.050069739925675094,1,0,2487,3
275,False,1,1,0,0.050365093047730625,1,0,2487,3
276,False,1,1,0,0.050155070959590375,1,0,2487,3
277,False,1,1,0,0.050585779012180865,1,0,2487,3
278,False,1,1,0,0.05340962496120483,1,0,2487,3
279,False,1,1,0,0.050152421928942204,1,0,2487,3
280,False,1,1,0,0.050354729988612235,1,0,2487,3
281,False,1,1,0,0.04947367496788502,1,0,2487,3
282,False,1,1,0,0.049769702018238604,1,0,2487,3
283,False,1,1,0,0.04946798295713961,1,0,2487,3
284,False,1,1,0,0.04979841900058091,1,0,2487,3
285,False,1,1,0,0.051680161035619676,1,0,2487,3
286,False,1,1,0,0.04933926498051733,1,0,2487,3
287,False,1,1,0,0.049696124042384326,1,0,2487,3
288,False,1,1,0,0.04926650307606906,1,0,2487,3
289,False,1,1,0,0.050956689985468984,1,0,2487,3
290,False,1,1,0,0.049694210989400744,1,0,2487,3
291,False,1,1,0,0.04910466505680233,1,0,2487,3
292,False,1,1,0,0.05008989106863737,1,0,2487,3
293,False,1,1,0,0.05013504601083696,1,0,2487,3
294,False,1,1,0,0.04973300301935524,1,0,2487,3
295,False,1,1,0,0.04988232103642076,1,0,2487,3
296,False,1,1,0,0.05099920695647597,1,0,2487,3
297,False,1,1,0,0.05179789802059531,1,0,2487,3
298,False,1,1,0,0.05187781702261418,1,0,2487,3
299,False,1,1,0,0.05318407609593123,1,0,2487,3
300,False,1,1,0,0.05273491598200053,1,0,2487,3
301,False,1,1,0,0.04985471605323255,1,0,2487,3
302,False,1,1,0,0.04980159900151193,1,0,2487,3
303,False,1,1,0,0.049390560016036034,1,0,2487,3
304,False,1,1,0,0.04962422396056354,1,0,2487,3
305,False,1,1,0,0.0494992770254612,1,0,2487,3
306,False,1,1,0,0.049407107988372445,1,0,2487,3
307,False,1,1,0,0.04984955792315304,1,0,2487,3
308,False,1,1,0,0.04937668005004525,1,0,2487,3
309,False,1,1,0,0.04995800706092268,1,0,2487,3
310,False,1,1,0,0.05055098806042224,1,0,2487,3
311,False,1,1,0,0.04999444296117872,1,0,2487,3
312,False,1,1,0,0.050398670020513237,1,0,2487,3
313,False,1,1,0,0.052677765022963285,1,0,2487,3
314,False,1,1,0,0.06247934408020228,1,0,2487,3
315,False,1,1,0,0.06312565202824771,1,0,2487,3
316,False,1,1,0,0.06030997401103377,1,0,2487,3
317,False,1,1,0,0.052023752010427415,1,0,2487,3
318,False,1,1,0,0.05370991304516792,1,0,2487,3
319,False,1,1,0,0.05544306698720902,1,0,2487,3
320,False,1,1,0,0.050782662932761014,1,0,2487,3
321,False,1,1,0,0.05021678504999727,1,0,2487,3
322,False,1,1,0,0.05123017402365804,1,0,2487,3
323,False,1,1,0,0.05478017695713788,1,0,2487,3
324,False,1,1,0,0.06509154394734651,1,0,2487,3
325,False,1,1,0,0.06387628696393222,1,0,2487,3
326,False,1,1,0,0.05426806001923978,1,0,2487,3
327,False,1,1,0,0.05112190102227032,1,0,2487,3
328,False,1,1,0,0.050018451060168445,1,0,2487,3
329,False,1,1,0,0.05035833502188325,1,0,2487,3
330,False,1,1,0,0.04997650103177875,1,0,2487,3
331,False,1,1,0,0.05114772904198617,1,0,2487,3
332,False,1,1,0,0.05109871702734381,1,0,2487,3
333,False,1,1,0,0.04980854399036616,1,0,2487,3
334,False,1,1,0,0.049886493012309074,1,0,2487,3
335,False,1,1,0,0.05202767800074071,1,0,2487,3
336,False,1,1,0,0.053141053998842835,1,0,2487,3
337,False,1,1,0,0.051582059008069336,1,0,2487,3
338,False,1,1,0,0.05063326400704682,1,0,2487,3
339,False,1,1,0,0.049924541963264346,1,0,2487,3
340,False,1,1,0,0.05022596602793783,1,0,2487,3
341,False,1,1,0,0.050594492931850255,1,0,2487,3
342,False,1,1,0,0.050203359918668866,1,0,2487,3
343,False,1,1,0,0.053134744986891747,1,0,2487,3
344,False,1,1,0,0.050331599079072475,1,0,2487,3
345,False,1,1,0,0.050753194955177605,1,0,2487,3
346,False,1,1,0,0.05027892498765141,1,0,2487,3
347,False,1,1,0,0.04976580594666302,1,0,2487,3
348,False,1,1,0,0.0500911429990083,1,0,2487,3
349,False,1,1,0,0.050355487037450075,1,0,2487,3
350,False,1,1,0,0.04986569797620177,1,0,2487,3
351,False,1,1,0,0.05014827405102551,1,0,2487,3
352,False,1,1,0,0.050300391972996294,1,0,2487,3
353,False,1,1,0,0.05011098098475486,1,0,2487,3
354,False,1,1,0,0.05038433102890849,1,0,2487,3
355,False,1,1,0,0.05406885000411421,1,0,2487,3
356,False,1,1,0,0.05021667690016329,1,0,2487,3
357,False,1,1,0,0.05070975807029754,1,0,2487,3
358,False,1,1,0,0.05075432104058564,1,0,2487,3
359,False,1,1,0,0.05047036299947649,1,0,2487,3
360,False,1,1,0,0.050045168958604336,1,0,2487,3
361,False,1,1,0,0.050378546002320945,1,0,2487,3
362,False,1,1,0,0.050272207939997315,1,0,2487,3
363,False,1,1,0,0.0502443719888106,1,0,2487,3
364,False,1,1,0,0.050168636022135615,1,0,2487,3
365,False,1,1,0,0.05054874706547707,1,0,2487,3
366,False,1,1,0,0.050948282005265355,1,0,2487,3
367,False,1,1,0,0.05073386209551245,1,0,2487,3
368,False,1,1,0,0.050089983036741614,1,0,2487,3
369,False,1,1,0,0.05038978403899819,1,0,2487,3
370,False,1,1,0,0.05047904001548886,1,0,2487,3
371,False,1,1,0,0.05065930599812418,1,0,2487,3
372,False,1,1,0,0.05025012500118464,1,0,2487,3
373,False,1,1,0,0.049735803971998394,1,0,2487,3
374,False,1,1,0,0.05185779999010265,1,0,2487,3
375,False,1,1,0,0.05253760900814086,1,0,2487,3
376,False,1,1,0,0.05141513701528311,1,0,2487,3
377,False,1,1,0,0.0514565670164302,1,0,2487,3
378,False,1,1,0,0.049814852070994675,1,0,2487,3
379,False,1,1,0,0.04989810404367745,1,0,2487,3
380,False,1,1,0,0.050016893073916435,1,0,2487,3
381,False,1,1,0,0.04965837998315692,1,0,2487,3
382,False,1,1,0,0.04987670003902167,1,0,2487,3
383,False,1,1,0,0.04984203993808478,0,0,2490,0
384,True,1,512,0,0.0479699739953503,1,0,2488,2
385,False,1,1,0,0.04996194003615528,1,0,2487,3
386,False,1,1,0,0.05063044000416994,1,0,2487,3
387,False,1,1,0,0.050547683029435575,1,0,2487,3
388,False,1,1,0,0.0501128799514845,1,0,2487,3
389,False,1,1,0,0.05069774901494384,1,0,2487,3
390,False,1,1,0,0.04960348806343973,1,0,2487,3
391,False,1,1,0,0.05018337303772569,1,0,2487,3
392,False,1,1,0,0.05166654207278043,1,0,2487,3
393,False,1,1,0,0.050199297023937106,1,0,2487,3
394,False,1,1,0,0.051624480984173715,1,0,2487,3
395,False,1,1,0,0.053348560933955014,1,0,2487,3
396,False,1,1,0,0.0522590660257265,1,0,2487,3
397,False,1,1,0,0.05324613302946091,1,0,2487,3
398,False,1,1,0,0.049941956996917725,1,0,2487,3
399,False,1,1,0,0.04997242602985352,1,0,2487,3
400,False,1,1,0,0.04999584099277854,1,0,2487,3
401,False,1,1,0,0.0500315799145028,1,0,2487,3
402,False,1,1,0,0.049995517008937895,1,0,2487,3
403,False,1,1,0,0.05078178795520216,1,0,2487,3
404,False,1,1,0,0.05044510494917631,1,0,2487,3
405,False,1,1,0,0.05091716907918453,1,0,2487,3
406,False,1,1,0,0.05014757893513888,1,0,2487,3
407,False,1,1,0,0.05253140802960843,1,0,2487,3
408,False,1,1,0,0.054721115971915424,1,0,2487,3
409,False,1,1,0,0.05501202598679811,1,0,2487,3
410,False,1,1,0,0.05127858591731638,1,0,2487,3
411,False,1,1,0,0.05127926904242486,1,0,2487,3
412,False,1,1,0,0.04999994591344148,1,0,2487,3
413,False,1,1,0,0.049749306053854525,1,0,2487,3
414,False,1,1,0,0.05293466697912663,1,0,2487,3
415,False,1,1,0,0.04961643693968654,1,0,2487,3
416,False,1,1,0,0.05004130303859711,1,0,2487,3
417,False,1,1,0,0.05265739595051855,1,0,2487,3
418,False,1,1,0,0.049403047072701156,1,0,2487,3
419,False,1,1,0,0.04941106296610087,1,0,2487,3
420,False,1,1,0,0.04936506203375757,1,0,2487,3
421,False,1,1,0,0.049512980971485376,1,0,2487,3
422,False,1,1,0,0.04966496804263443,1,0,2487,3
423,False,1,1,0,0.04951745190192014,1,0,2487,3
424,False,1,1,0,0.04950535506941378,1,0,2487,3
425,False,1,1,0,0.05009422998409718,1,0,2487,3
426,False,1,1,0,0.0504786689998582,1,0,2487,3
427,False,1,1,0,0.04937551205512136,1,0,2487,3
428,False,1,1,0,0.049536896985955536,1,0,2487,3
429,False,1,1,0,0.04960180295165628,1,0,2487,3
430,False,1,1,0,0.05022766103502363,1,0,2487,3
431,False,1,1,0,0.049744842923246324,1,0,2487,3
432,False,1,1,0,0.04999862296972424,1,0,2487,3
433,False,1,1,0,0.049777089967392385,1,0,2487,3
434,False,1,1,0,0.05199002497829497,1,0,2487,3
435,False,1,1,0,0.05036651995033026,1,0,2487,3
436,False,1,1,0,0.05312559090089053,1,0,2487,3
437,False,1,1,0,0.06347246293444186,1,0,2487,3
438,False,1,1,0,0.0625547569943592,1,0,2487,3
439,False,1,1,0,0.059192459913901985,1,0,2487,3
440,False,1,1,0,0.05070314300246537,1,0,2487,3
441,False,1,1,0,0.051338162971660495,1,0,2487,3
442,False,1,1,0,0.04966743802651763,1,0,2487,3
443,False,1,1,0,0.04998303891625255,1,0,2487,3
444,False,1,1,0,0.049896726035512984,1,0,2487,3
445,False,1,1,0,0.05009004904422909,1,0,2487,3
446,False,1,1,0,0.04970850294921547,1,0,2487,3
447,False,1,1,0,0.0504053559852764,1,0,2487,3
448,False,1,1,0,0.049849591916427016,1,0,2487,3
449,False,1,1,0,0.049429401056841016,1,0,2487,3
450,False,1,1,0,0.049818950006738305,1,0,2487,3
451,False,1,1,0,0.050156735931523144,1,0,2487,3
452,False,1,1,0,0.04967938701156527,1,0,2487,3
453,False,1,1,0,0.051447067060507834,1,0,2487,3
454,False,1,1,0,0.05329199496190995,1,0,2487,3
455,False,1,1,0,0.050482684979215264,1,0,2487,3
456,False,1,1,0,0.0498071409529075,1,0,2487,3
457,False,1,1,0,0.04963681090157479,1,0,2487,3
458,False,1,1,0,0.049899121979251504,1,0,2487,3
459,False,1,1,0,0.04952490795403719,1,0,2487,3
460,False,1,1,0,0.04961300001014024,1,0,2487,3
461,False,1,1,0,0.04971850896254182,1,0,2487,3
462,False,1,1,0,0.05155260500032455,1,0,2487,3
463,False,1,1,0,0.04980619496200234,1,0,2487,3
464,False,1,1,0,0.049672979046590626,1,0,2487,3
465,False,1,1,0,0.04975210700649768,1,0,2487,3
466,False,1,1,0,0.0496456470573321,1,0,2487,3
467,False,1,1,0,0.050256094080396,1,0,2487,3
468,False,1,1,0,0.04982750106137246,1,0,2487,3
469,False,1,1,0,0.04992741602472961,1,0,2487,3
470,False,1,1,0,0.050081458990462124,1,0,2487,3
471,False,1,1,0,0.04998111305758357,1,0,2487,3
472,False,1,1,0,0.050247433013282716,1,0,2487,3
473,False,1,1,0,0.05162923294119537,1,0,2487,3
474,False,1,1,0,0.049956419970840216,1,0,2487,3
475,False,1,1,0,0.05010750994551927,1,0,2487,3
476,False,1,1,0,0.04981690691784024,1,0,2487,3
477,False,1,1,0,0.04937844502273947,1,0,2487,3
478,False,1,1,0,0.04944513796363026,1,0,2487,3
479,False,1,1,0,0.04941192304249853,1,0,2487,3
480,False,1,1,0,0.04945223801769316,1,0,2487,3
481,False,1,1,0,0.04922336200252175,1,0,2487,3
482,False,1,1,0,0.04912795196287334,1,0,2487,3
483,False,1,1,0,0.04994976508896798,1,0,2487,3
484,False,1,1,0,0.04939022404141724,1,0,2487,3
485,False,1,1,0,0.0498635359108448,1,0,2487,3
486,False,1,1,0,0.04986518400255591,1,0,2487,3
487,False,1,1,0,0.04962118901312351,1,0,2487,3
488,False,1,1,0,0.04954905097838491,1,0,2487,3
489,False,1,1,0,0.05023528705351055,1,0,2487,3
490,False,1,1,0,0.04965072206687182,1,0,2487,3
491,False,1,1,0,0.05290541797876358,1,0,2487,3
492,False,1,1,0,0.05409560294356197,1,0,2487,3
493,False,1,1,0,0.0555934909498319,1,0,2487,3
494,False,1,1,0,0.050980731029994786,1,0,2487,3
495,False,1,1,0,0.056204802938736975,1,0,2487,3
496,False,1,1,0,0.05167556903325021,1,0,2487,3
497,False,1,1,0,0.04937711404636502,1,0,2487,3
498,False,1,1,0,0.050239657051861286,1,0,2487,3
499,False,1,1,0,0.04963846399914473,1,0,2487,3
500,False,1,1,0,0.04928115999791771,1,0,2487,3
501,False,1,1,0,0.04957145010121167,1,0,2487,3
502,False,1,1,0,0.049954066053032875,1,0,2487,3
503,False,1,1,0,0.04983042704407126,1,0,2487,3
504,False,1,1,0,0.05003125802613795,1,0,2487,3
505,False,1,1,0,0.05021964805200696,1,0,2487,3
506,False,1,1,0,0.04987293703015894,1,0,2487,3
507,False,1,1,0,0.04960392497014254,1,0,2487,3
508,False,1,1,0,0.0494866028893739,1,0,2487,3
509,False,1,1,0,0.04919260391034186,1,0,2487,3
510,False,1,1,0,0.05006257398054004,1,0,2487,3
511,False,1,1,0,0.04994755797088146,0,0,2490,0
512,True,1,512,0,0.04800417507067323,1,0,2488,2
513,False,1,1,0,0.05268347100354731,1,0,2487,3
514,False,1,1,0,0.05119615700095892,1,0,2487,3
515,False,1,1,0,0.05149783403612673,1,0,2487,3
516,False,1,1,0,0.052495282026939094,1,0,2487,3
517,False,1,1,0,0.049345382023602724,1,0,2487,3
518,False,1,1,0,0.049773546983487904,1,0,2487,3
519,False,1,1,0,0.049880714039318264,1,0,2487,3
520,False,1,1,0,0.049787641037255526,1,0,2487,3
521,False,1,1,0,0.049813961959443986,1,0,2487,3
522,False,1,1,0,0.05093352904077619,1,0,2487,3
523,False,1,1,0,0.05009684700053185,1,0,2487,3
524,False,1,1,0,0.049845129949972034,1,0,2487,3
525,False,1,1,0,0.04961128602735698,1,0,2487,3
526,False,1,1,0,0.04977987194433808,1,0,2487,3
527,False,1,1,0,0.05005524307489395,1,0,2487,3
528,False,1,1,0,0.05023960396647453,1,0,2487,3
529,False,1,1,0,0.04958479595370591,1,0,2487,3
530,False,1,1,0,0.05029915797058493,1,0,2487,3
531,False,1,1,0,0.04959553596563637,1,0,2487,3
532,False,1,1,0,0.04985722398851067,1,0,2487,3
533,False,1,1,0,0.05047730798833072,1,0,2487,3
534,False,1,1,0,0.04942702397238463,1,0,2487,3
535,False,1,1,0,0.0519064269028604,1,0,2487,3
536,False,1,1,0,0.050951515906490386,1,0,2487,3
537,False,1,1,0,0.049786219955421984,1,0,2487,3
538,False,1,1,0,0.04945621395017952,1,0,2487,3
539,False,1,1,0,0.04956677299924195,1,0,2487,3
540,False,1,1,0,0.049930092063732445,1,0,2487,3
541,False,1,1,0,0.04942595795728266,1,0,2487,3
542,False,1,1,0,0.04921629000455141,1,0,2487,3
543,False,1,1,0,0.04967726394534111,1,0,2487,3
544,False,1,1,0,0.049859997001476586,1,0,2487,3
545,False,1,1,0,0.049865960027091205,1,0,2487,3
546,False,1,1,0,0.04991320997942239,1,0,2487,3
547,False,1,1,0,0.04978798399679363,1,0,2487,3
548,False,1,1,0,0.049911000998690724,1,0,2487,3
549,False,1,1,0,0.049945427919737995,1,0,2487,3
550,False,1,1,0,0.04983505595009774,1,0,2487,3
551,False,1,1,0,0.04951630509458482,1,0,2487,3
552,False,1,1,0,0.04929208301473409,1,0,2487,3
553,False,1,1,0,0.0524230080191046,1,0,2487,3
554,False,1,1,0,0.051227372023276985,1,0,2487,3
555,False,1,1,0,0.05005354399327189,1,0,2487,3
556,False,1,1,0,0.05138558999169618,1,0,2487,3
557,False,1,1,0,0.0497088780393824,1,0,2487,3
558,False,1,1,0,0.049858505954034626,1,0,2487,3
559,False,1,1,0,0.04907472711056471,1,0,2487,3
560,False,1,1,0,0.05056110699661076,1,0,2487,3
561,False,1,1,0,0.051319467020221055,1,0,2487,3
562,False,1,1,0,0.06130137701984495,1,0,2487,3
563,False,1,1,0,0.06263011100236326,1,0,2487,3
564,False,1,1,0,0.06260103895328939,1,0,2487,3
565,False,1,1,0,0.058262815000489354,1,0,2487,3
566,False,1,1,0,0.05120601993985474,1,0,2487,3
567,False,1,1,0,0.04987923300359398,1,0,2487,3
568,False,1,1,0,0.049485242925584316,1,0,2487,3
569,False,1,1,0,0.050372855039313436,1,0,2487,3
570,False,1,1,0,0.05003242602106184,1,0,2487,3
571,False,1,1,0,0.04952600901015103,1,0,2487,3
572,False,1,1,0,0.052155044046230614,1,0,2487,3
573,False,1,1,0,0.050467645982280374,1,0,2487,3
574,False,1,1,0,0.05280476599000394,1,0,2487,3
575,False,1,1,0,0.055894854944199324,1,0,2487,3
576,False,1,1,0,0.062431019032374024,1,0,2487,3
577,False,1,1,0,0.06567389995325357,1,0,2487,3
578,False,1,1,0,0.056458409992046654,1,0,2487,3
579,False,1,1,0,0.05280842597130686,1,0,2487,3
580,False,1,1,0,0.05070952803362161,1,0,2487,3
581,False,1,1,0,0.050198278040625155,1,0,2487,3
582,False,1,1,0,0.04932517500128597,1,0,2487,3
583,False,1,1,0,0.04931626305915415,1,0,2487,3
584,False,1,1,0,0.04998370504472405,1,0,2487,3
585,False,1,1,0,0.04993886302690953,1,0,2487,3
586,False,1,1,0,0.04938226193189621,1,0,2487,3
587,False,1,1,0,0.05027389689348638,1,0,2487,3
588,False,1,1,0,0.049392611952498555,1,0,2487,3
589,False,1,1,0,0.049706566031090915,1,0,2487,3
590,False,1,1,0,0.04955481505021453,1,0,2487,3
591,False,1,1,0,0.053601393941789865,1,0,2487,3
592,False,1,1,0,0.05043264199048281,1,0,2487,3
593,False,1,1,0,0.05195222795009613,1,0,2487,3
594,False,1,1,0,0.049905702006071806,1,0,2487,3
595,False,1,1,0,0.04975268803536892,1,0,2487,3
596,False,1,1,0,0.04956011602189392,1,0,2487,3
597,False,1,1,0,0.049180162022821605,1,0,2487,3
598,False,1,1,0,0.049678495968692005,1,0,2487,3
599,False,1,1,0,0.049428789992816746,1,0,2487,3
600,False,1,1,0,0.04974751896224916,1,0,2487,3
601,False,1,1,0,0.05086940492037684,1,0,2487,3
602,False,1,1,0,0.05074382503516972,1,0,2487,3
603,False,1,1,0,0.049502477049827576,1,0,2487,3
604,False,1,1,0,0.04967044398654252,1,0,2487,3
605,False,1,1,0,0.04981090500950813,1,0,2487,3
606,False,1,1,0,0.0494752760278061,1,0,2487,3
607,False,1,1,0,0.05050318397115916,1,0,2487,3
608,False,1,1,0,0.04998043505474925,1,0,2487,3
609,False,1,1,0,0.04964258603285998,1,0,2487,3
610,False,1,1,0,0.04946802998892963,1,0,2487,3
611,False,1,1,0,0.05408772605005652,1,0,2487,3
612,False,1,1,0,0.04983304697088897,1,0,2487,3
613,False,1,1,0,0.05283658904954791,1,0,2487,3
614,False,1,1,0,0.051673884969204664,1,0,2487,3
615,False,1,1,0,0.04902846598997712,1,0,2487,3
616,False,1,1,0,0.04931186907924712,1,0,2487,3
617,False,1,1,0,0.04940554592758417,1,0,2487,3
618,False,1,1,0,0.049354651011526585,1,0,2487,3
619,False,1,1,0,0.04931545990984887,1,0,2487,3
620,False,1,1,0,0.04996529407799244,1,0,2487,3
621,False,1,1,0,0.04956748301628977,1,0,2487,3
622,False,1,1,0,0.049308563000522554,1,0,2487,3
623,False,1,1,0,0.049437263049185276,1,0,2487,3
624,False,1,1,0,0.050509499036706984,1,0,2487,3
625,False,1,1,0,0.04967694799415767,1,0,2487,3
626,False,1,1,0,0.049292905954644084,1,0,2487,3
627,False,1,1,0,0.04920972196850926,1,0,2487,3
628,False,1,1,0,0.049914211966097355,1,0,2487,3
629,False,1,1,0,0.04942852701060474,1,0,2487,3
630,False,1,1,0,0.049739280017092824,1,0,2487,3
631,False,1,1,0,0.053607602952979505,1,0,2487,3
632,False,1,1,0,0.04971935192588717,1,0,2487,3
633,False,1,1,0,0.05108392599504441,1,0,2487,3
634,False,1,1,0,0.049846600042656064,1,0,2487,3
635,False,1,1,0,0.0498594359960407,1,0,2487,3
636,False,1,1,0,0.04961602797266096,1,0,2487,3
637,False,1,1,0,0.04960442497394979,1,0,2487,3
638,False,1,1,0,0.04982252395711839,1,0,2487,3
639,False,1,1,0,0.04956555110402405,0,0,2490,0
640,True,1,512,0,0.048026776988990605,1,0,2488,2
641,False,1,1,0,0.05122121796011925,1,0,2487,3
642,False,1,1,0,0.05028200091328472,1,0,2487,3
643,False,1,1,0,0.0498843869427219,1,0,2487,3
644,False,1,1,0,0.05036929599009454,1,0,2487,3
645,False,1,1,0,0.05025395506527275,1,0,2487,3
646,False,1,1,0,0.04942396702244878,1,0,2487,3
647,False,1,1,0,0.04933813109528273,1,0,2487,3
648,False,1,1,0,0.04949088511057198,1,0,2487,3
649,False,1,1,0,0.04979248100426048,1,0,2487,3
650,False,1,1,0,0.04921484098304063,1,0,2487,3
651,False,1,1,0,0.05199445702601224,1,0,2487,3
652,False,1,1,0,0.051321935025043786,1,0,2487,3
653,False,1,1,0,0.050622248905710876,1,0,2487,3
654,False,1,1,0,0.049437277019023895,1,0,2487,3
655,False,1,1,0,0.04961026192177087,1,0,2487,3
656,False,1,1,0,0.04949451703578234,1,0,2487,3
657,False,1,1,0,0.04953515308443457,1,0,2487,3
658,False,1,1,0,0.05002762796357274,1,0,2487,3
659,False,1,1,0,0.04998657095711678,1,0,2487,3
660,False,1,1,0,0.05182496795896441,1,0,2487,3
661,False,1,1,0,0.055688294931314886,1,0,2487,3
662,False,1,1,0,0.05847309099044651,1,0,2487,3
663,False,1,1,0,0.061418639961630106,1,0,2487,3
664,False,1,1,0,0.05638846103101969,1,0,2487,3
665,False,1,1,0,0.05135573691222817,1,0,2487,3
666,False,1,1,0,0.05036145797930658,1,0,2487,3
667,False,1,1,0,0.049779866938479245,1,0,2487,3
668,False,1,1,0,0.049628208042122424,1,0,2487,3
669,False,1,1,0,0.04907548695337027,1,0,2487,3
670,False,1,1,0,0.05032381694763899,1,0,2487,3
671,False,1,1,0,0.04988681001123041,1,0,2487,3
672,False,1,1,0,0.05318619590252638,1,0,2487,3
673,False,1,1,0,0.0501439900835976,1,0,2487,3
674,False,1,1,0,0.0500686839222908,1,0,2487,3
675,False,1,1,0,0.04948254791088402,1,0,2487,3
676,False,1,1,0,0.04994752607308328,1,0,2487,3
677,False,1,1,0,0.04939677705988288,1,0,2487,3
678,False,1,1,0,0.04953318298794329,1,0,2487,3
679,False,1,1,0,0.050066472962498665,1,0,2487,3
680,False,1,1,0,0.05034975300077349,1,0,2487,3
681,False,1,1,0,0.04965900396928191,1,0,2487,3
682,False,1,1,0,0.049663105979561806,1,0,2487,3
683,False,1,1,0,0.05066004500258714,1,0,2487,3
684,False,1,1,0,0.05072050995659083,1,0,2487,3
685,False,1,1,0,0.052366396063007414,1,0,2487,3
686,False,1,1,0,0.06315311801154166,1,0,2487,3
687,False,1,1,0,0.06847535900305957,1,0,2487,3
688,False,1,1,0,0.07015441404655576,1,0,2487,3
689,False,1,1,0,0.05798273999243975,1,0,2487,3
690,False,1,1,0,0.05457112903241068,1,0,2487,3
691,False,1,1,0,0.05636448797304183,1,0,2487,3
692,False,1,1,0,0.05157300806604326,1,0,2487,3
693,False,1,1,0,0.050083753070794046,1,0,2487,3
694,False,1,1,0,0.049834689940325916,1,0,2487,3
695,False,1,1,0,0.05019226798322052,1,0,2487,3
696,False,1,1,0,0.04966255102772266,1,0,2487,3
697,False,1,1,0,0.050071649020537734,1,0,2487,3
698,False,1,1,0,0.049574889009818435,1,0,2487,3
699,False,1,1,0,0.05098653491586447,1,0,2487,3
700,False,1,1,0,0.04956167796626687,1,0,2487,3
701,False,1,1,0,0.05009770905598998,1,0,2487,3
702,False,1,1,0,0.049811571021564305,1,0,2487,3
703,False,1,1,0,0.05021391191985458,1,0,2487,3
704,False,1,1,0,0.04981557989958674,1,0,2487,3
705,False,1,1,0,0.04959334305021912,1,0,2487,3
706,False,1,1,0,0.05015341390389949,1,0,2487,3
707,False,1,1,0,0.04984782403334975,1,0,2487,3
708,False,1,1,0,0.05058156501036137,1,0,2487,3
709,False,1,1,0,0.053976885974407196,1,0,2487,3
710,False,1,1,0,0.04977337410673499,1,0,2487,3
711,False,1,1,0,0.05282315600197762,1,0,2487,3
712,False,1,1,0,0.05021048302296549,1,0,2487,3
713,False,1,1,0,0.05062572401948273,1,0,2487,3
714,False,1,1,0,0.049973296001553535,1,0,2487,3
715,False,1,1,0,0.049677327973768115,1,0,2487,3
716,False,1,1,0,0.05007548304274678,1,0,2487,3
717,False,1,1,0,0.0495775300078094,1,0,2487,3
718,False,1,1,0,0.04982074105646461,1,0,2487,3
719,False,1,1,0,0.04963028407655656,1,0,2487,3
720,False,1,1,0,0.04968595702666789,1,0,2487,3
721,False,1,1,0,0.049651982029899955,1,0,2487,3
722,False,1,1,0,0.0500431009568274,1,0,2487,3
723,False,1,1,0,0.049533487064763904,1,0,2487,3
724,False,1,1,0,0.050522936042398214,1,0,2487,3
725,False,1,1,0,0.05047889007255435,1,0,2487,3
726,False,1,1,0,0.04989351402036846,1,0,2487,3
727,False,1,1,0,0.04949985689017922,1,0,2487,3
728,False,1,1,0,0.05100556602701545,1,0,2487,3
729,False,1,1,0,0.05260374303907156,1,0,2487,3
730,False,1,1,0,0.05078158900141716,1,0,2487,3
731,False,1,1,0,0.05183991207741201,1,0,2487,3
732,False,1,1,0,0.049813079996965826,1,0,2487,3
733,False,1,1,0,0.04967784509062767,1,0,2487,3
734,False,1,1,0,0.050245709950104356,1,0,2487,3
735,False,1,1,0,0.04979793191887438,1,0,2487,3
736,False,1,1,0,0.05030589702073485,1,0,2487,3
737,False,1,1,0,0.04982433607801795,1,0,2487,3
738,False,1,1,0,0.05028493993449956,1,0,2487,3
739,False,1,1,0,0.049975799047388136,1,0,2487,3
740,False,1,1,0,0.04964429710526019,1,0,2487,3
741,False,1,1,0,0.04980706993956119,1,0,2487,3
742,False,1,1,0,0.05119873501826078,1,0,2487,3
743,False,1,1,0,0.0497958620544523,1,0,2487,3
744,False,1,1,0,0.05133482499513775,1,0,2487,3
745,False,1,1,0,0.053668329026550055,1,0,2487,3
746,False,1,1,0,0.06505331490188837,1,0,2487,3
747,False,1,1,0,0.06431835400871933,1,0,2487,3
748,False,1,1,0,0.062490672105923295,1,0,2487,3
749,False,1,1,0,0.053705669939517975,1,0,2487,3
750,False,1,1,0,0.051289665047079325,1,0,2487,3
751,False,1,1,0,0.05110071995295584,1,0,2487,3
752,False,1,1,0,0.049935800954699516,1,0,2487,3
753,False,1,1,0,0.04948040493763983,1,0,2487,3
754,False,1,1,0,0.05005519196856767,1,0,2487,3
755,False,1,1,0,0.04983824701048434,1,0,2487,3
756,False,1,1,0,0.04955446103122085,1,0,2487,3
757,False,1,1,0,0.04999181698076427,1,0,2487,3
758,False,1,1,0,0.051485355012118816,1,0,2487,3
759,False,1,1,0,0.049710776074789464,1,0,2487,3
760,False,1,1,0,0.04990220395848155,1,0,2487,3
761,False,1,1,0,0.05047669308260083,1,0,2487,3
762,False,1,1,0,0.04963821405544877,1,0,2487,3
763,False,1,1,0,0.049810323980636895,1,0,2487,3
764,False,1,1,0,0.049967588973231614,1,0,2487,3
765,False,1,1,0,0.050519521930254996,1,0,2487,3
766,False,1,1,0,0.05008654890116304,1,0,2487,3
767,False,1,1,0,0.050899459049105644,0,0,2490,0
768,True,1,512,0,0.05042610096279532,1,0,2488,2
769,False,1,1,0,0.05123327404726297,1,0,2487,3
770,False,1,1,0,0.05074891401454806,1,0,2487,3
771,False,1,1,0,0.04970467300154269,1,0,2487,3
772,False,1,1,0,0.050237572053447366,1,0,2487,3
773,False,1,1,0,0.049835963058285415,1,0,2487,3
774,False,1,1,0,0.04976741096470505,1,0,2487,3
775,False,1,1,0,0.049646932049654424,1,0,2487,3
776,False,1,1,0,0.049449733924120665,1,0,2487,3
777,False,1,1,0,0.05006596492603421,1,0,2487,3
778,False,1,1,0,0.04994590801652521,1,0,2487,3
779,False,1,1,0,0.05041173007339239,1,0,2487,3
780,False,1,1,0,0.05012061505112797,1,0,2487,3
781,False,1,1,0,0.051108755986206234,1,0,2487,3
782,False,1,1,0,0.05020914098713547,1,0,2487,3
783,False,1,1,0,0.05123426695354283,1,0,2487,3
784,False,1,1,0,0.05035628192126751,1,0,2487,3
785,False,1,1,0,0.050496764946728945,1,0,2487,3
786,False,1,1,0,0.04999738105107099,1,0,2487,3
787,False,1,1,0,0.052955355029553175,1,0,2487,3
788,False,1,1,0,0.051874455995857716,1,0,2487,3
789,False,1,1,0,0.05308699794113636,1,0,2487,3
790,False,1,1,0,0.05124954809434712,1,0,2487,3
791,False,1,1,0,0.049787511001341045,1,0,2487,3
792,False,1,1,0,0.050338165019638836,1,0,2487,3
793,False,1,1,0,0.049673332017846406,1,0,2487,3
794,False,1,1,0,0.04970919794868678,1,0,2487,3
795,False,1,1,0,0.04937827598769218,1,0,2487,3
796,False,1,1,0,0.04958040500059724,1,0,2487,3
797,False,1,1,0,0.050981456064619124,1,0,2487,3
798,False,1,1,0,0.05071017995942384,1,0,2487,3
799,False,1,1,0,0.049502845969982445,1,0,2487,3
800,False,1,1,0,0.049585624947212636,1,0,2487,3
801,False,1,1,0,0.04963596002198756,1,0,2487,3
802,False,1,1,0,0.04985626495908946,1,0,2487,3
803,False,1,1,0,0.04970279603730887,1,0,2487,3
804,False,1,1,0,0.05023680906742811,1,0,2487,3
805,False,1,1,0,0.050027361954562366,1,0,2487,3
806,False,1,1,0,0.0494800308952108,1,0,2487,3
807,False,1,1,0,0.05141947802621871,1,0,2487,3
808,False,1,1,0,0.05075935099739581,1,0,2487,3
809,False,1,1,0,0.05392494797706604,1,0,2487,3
810,False,1,1,0,0.06392664893064648,1,0,2487,3
811,False,1,1,0,0.05400387290865183,1,0,2487,3
812,False,1,1,0,0.05290343810338527,1,0,2487,3
813,False,1,1,0,0.04991800501011312,1,0,2487,3
814,False,1,1,0,0.0499889439670369,1,0,2487,3
815,False,1,1,0,0.04958994104526937,1,0,2487,3
816,False,1,1,0,0.04967142501845956,1,0,2487,3
817,False,1,1,0,0.050243840902112424,1,0,2487,3
818,False,1,1,0,0.050228551030159,1,0,2487,3
819,False,1,1,0,0.05004386801738292,1,0,2487,3
820,False,1,1,0,0.05044077802449465,1,0,2487,3
821,False,1,1,0,0.049822629080154,1,0,2487,3
822,False,1,1,0,0.05018656398169696,1,0,2487,3
823,False,1,1,0,0.04949769505765289,1,0,2487,3
824,False,1,1,0,0.04996748699340969,1,0,2487,3
825,False,1,1,0,0.04941865906585008,1,0,2487,3
826,False,1,1,0,0.0511912110960111,1,0,2487,3
827,False,1,1,0,0.052363773924298584,1,0,2487,3
828,False,1,1,0,0.05032134393695742,1,0,2487,3
829,False,1,1,0,0.051888022921048105,1,0,2487,3
830,False,1,1,0,0.05433718208223581,1,0,2487,3
831,False,1,1,0,0.06513255892787129,1,0,2487,3
832,False,1,1,0,0.06479604600463063,1,0,2487,3
833,False,1,1,0,0.05499282293021679,1,0,2487,3
834,False,1,1,0,0.050593127962201834,1,0,2487,3
835,False,1,1,0,0.05219021800439805,1,0,2487,3
836,False,1,1,0,0.050461971084587276,1,0,2487,3
837,False,1,1,0,0.05034892889671028,1,0,2487,3
838,False,1,1,0,0.04976527101825923,1,0,2487,3
839,False,1,1,0,0.05024410493206233,1,0,2487,3
840,False,1,1,0,0.05030063109006733,1,0,2487,3
841,False,1,1,0,0.04995691997464746,1,0,2487,3
842,False,1,1,0,0.05723101389594376,1,0,2487,3
843,False,1,1,0,0.05817086005117744,1,0,2487,3
844,False,1,1,0,0.05810881208162755,1,0,2487,3
845,False,1,1,0,0.060028736013919115,1,0,2487,3
846,False,1,1,0,0.05777670198585838,1,0,2487,3
847,False,1,1,0,0.05098589602857828,1,0,2487,3
848,False,1,1,0,0.0503559730714187,1,0,2487,3
849,False,1,1,0,0.0498133139917627,1,0,2487,3
850,False,1,1,0,0.049847752903588116,1,0,2487,3
851,False,1,1,0,0.04998031898867339,1,0,2487,3
852,False,1,1,0,0.049877514014951885,1,0,2487,3
853,False,1,1,0,0.049784301896579564,1,0,2487,3
854,False,1,1,0,0.04953565902542323,1,0,2487,3
855,False,1,1,0,0.049737362074665725,1,0,2487,3
856,False,1,1,0,0.04948551801498979,1,0,2487,3
857,False,1,1,0,0.0499041189905256,1,0,2487,3
858,False,1,1,0,0.04993819794617593,1,0,2487,3
859,False,1,1,0,0.05027028592303395,1,0,2487,3
860,False,1,1,0,0.04967823508195579,1,0,2487,3
861,False,1,1,0,0.04940617107786238,1,0,2487,3
862,False,1,1,0,0.050401879008859396,1,0,2487,3
863,False,1,1,0,0.050487763015553355,1,0,2487,3
864,False,1,1,0,0.05014460103120655,1,0,2487,3
865,False,1,1,0,0.050421777996234596,1,0,2487,3
866,False,1,1,0,0.05228405597154051,1,0,2487,3
867,False,1,1,0,0.049905828083865345,1,0,2487,3
868,False,1,1,0,0.0511906580068171,1,0,2487,3
869,False,1,1,0,0.05032949207816273,1,0,2487,3
870,False,1,1,0,0.0497563750250265,1,0,2487,3
871,False,1,1,0,0.04959194199182093,1,0,2487,3
872,False,1,1,0,0.050116935977712274,1,0,2487,3
873,False,1,1,0,0.05000230995938182,1,0,2487,3
874,False,1,1,0,0.05022356100380421,1,0,2487,3
875,False,1,1,0,0.04991636995691806,1,0,2487,3
876,False,1,1,0,0.05102032795548439,1,0,2487,3
877,False,1,1,0,0.04994005092885345,1,0,2487,3
878,False,1,1,0,0.04973401699680835,1,0,2487,3
879,False,1,1,0,0.050292466999962926,1,0,2487,3
880,False,1,1,0,0.049509926000609994,1,0,2487,3
881,False,1,1,0,0.04950145399197936,1,0,2487,3
882,False,1,1,0,0.05000807100441307,1,0,2487,3
883,False,1,1,0,0.0495308079989627,1,0,2487,3
884,False,1,1,0,0.04966770100872964,1,0,2487,3
885,False,1,1,0,0.05171340599190444,1,0,2487,3
886,False,1,1,0,0.05202445504255593,1,0,2487,3
887,False,1,1,0,0.0531718609854579,1,0,2487,3
888,False,1,1,0,0.050616099033504725,1,0,2487,3
889,False,1,1,0,0.050168675952591,1,0,2487,3
890,False,1,1,0,0.04980160389095545,1,0,2487,3
891,False,1,1,0,0.049675353919155896,1,0,2487,3
892,False,1,1,0,0.04970694798976183,1,0,2487,3
893,False,1,1,0,0.049445851938799024,1,0,2487,3
894,False,1,1,0,0.05025337508413941,1,0,2487,3
895,False,1,1,0,0.04997037607245147,0,0,2490,0
896,True,1,512,0,0.04824146302416921,1,0,2488,2
897,False,1,1,0,0.0499669099226594,1,0,2487,3
898,False,1,1,0,0.04997070995159447,1,0,2487,3
899,False,1,1,0,0.050385610084049404,1,0,2487,3
900,False,1,1,0,0.049889475922100246,1,0,2487,3
901,False,1,1,0,0.0506619579391554,1,0,2487,3
902,False,1,1,0,0.05008900794200599,1,0,2487,3
903,False,1,1,0,0.04992188303731382,1,0,2487,3
904,False,1,1,0,0.050097611034289,1,0,2487,3
905,False,1,1,0,0.05173105699941516,1,0,2487,3
906,False,1,1,0,0.05075965391006321,1,0,2487,3
907,False,1,1,0,0.05442501709330827,1,0,2487,3
908,False,1,1,0,0.05163818795699626,1,0,2487,3
909,False,1,1,0,0.049860169063322246,1,0,2487,3
910,False,1,1,0,0.050296894973143935,1,0,2487,3
911,False,1,1,0,0.050038211047649384,1,0,2487,3
912,False,1,1,0,0.05048833193723112,1,0,2487,3
913,False,1,1,0,0.0498390169814229,1,0,2487,3
914,False,1,1,0,0.0543762770248577,1,0,2487,3
915,False,1,1,0,0.06004685093648732,1,0,2487,3
916,False,1,1,0,0.061168303014710546,1,0,2487,3
917,False,1,1,0,0.058948894031345844,1,0,2487,3
918,False,1,1,0,0.05453156097792089,1,0,2487,3
919,False,1,1,0,0.05217262904625386,1,0,2487,3
920,False,1,1,0,0.049871832015924156,1,0,2487,3
921,False,1,1,0,0.05143500491976738,1,0,2487,3
922,False,1,1,0,0.049964020028710365,1,0,2487,3
923,False,1,1,0,0.05144693690817803,1,0,2487,3
924,False,1,1,0,0.05207160802092403,1,0,2487,3
925,False,1,1,0,0.05132716300431639,1,0,2487,3
926,False,1,1,0,0.05145087803248316,1,0,2487,3
927,False,1,1,0,0.0509962149662897,1,0,2487,3
928,False,1,1,0,0.05014203710015863,1,0,2487,3
929,False,1,1,0,0.05129690305329859,1,0,2487,3
930,False,1,1,0,0.05343421897850931,1,0,2487,3
931,False,1,1,0,0.06989621499087662,1,0,2487,3
932,False,1,1,0,0.0706882169470191,1,0,2487,3
933,False,1,1,0,0.06572478590533137,1,0,2487,3
934,False,1,1,0,0.05377582099754363,1,0,2487,3
935,False,1,1,0,0.05123219906818122,1,0,2487,3
936,False,1,1,0,0.05087022902444005,1,0,2487,3
937,False,1,1,0,0.05085666000377387,1,0,2487,3
938,False,1,1,0,0.05157457501627505,1,0,2487,3
939,False,1,1,0,0.05061324604321271,1,0,2487,3
940,False,1,1,0,0.05036229395773262,1,0,2487,3
941,False,1,1,0,0.05058687995187938,1,0,2487,3
942,False,1,1,0,0.05181331292260438,1,0,2487,3
943,False,1,1,0,0.05114259396214038,1,0,2487,3
944,False,1,1,0,0.05095357494428754,1,0,2487,3
945,False,1,1,0,0.04989953199401498,1,0,2487,3
946,False,1,1,0,0.05085941404104233,1,0,2487,3
947,False,1,1,0,0.05064525594934821,1,0,2487,3
948,False,1,1,0,0.05005025095306337,1,0,2487,3
949,False,1,1,0,0.0498075740179047,1,0,2487,3
950,False,1,1,0,0.05014223197940737,1,0,2487,3
951,False,1,1,0,0.05020616902038455,1,0,2487,3
952,False,1,1,0,0.05076293193269521,1,0,2487,3
953,False,1,1,0,0.05029743607155979,1,0,2487,3
954,False,1,1,0,0.049636526964604855,1,0,2487,3
955,False,1,1,0,0.04974483500700444,1,0,2487,3
956,False,1,1,0,0.05060521105770022,1,0,2487,3
957,False,1,1,0,0.05048341606743634,1,0,2487,3
958,False,1,1,0,0.051154304994270205,1,0,2487,3
959,False,1,1,0,0.050790820037946105,1,0,2487,3
960,False,1,1,0,0.05019331199582666,1,0,2487,3
961,False,1,1,0,0.04998957505449653,1,0,2487,3
962,False,1,1,0,0.051411758991889656,1,0,2487,3
963,False,1,1,0,0.05100395705085248,1,0,2487,3
964,False,1,1,0,0.05135679291561246,1,0,2487,3
965,False,1,1,0,0.05093759298324585,1,0,2487,3
966,False,1,1,0,0.051101514021866024,1,0,2487,3
967,False,1,1,0,0.05012462299782783,1,0,2487,3
968,False,1,1,0,0.04955347499344498,1,0,2487,3
969,False,1,1,0,0.0502614340512082,1,0,2487,3
970,False,1,1,0,0.05008408601861447,1,0,2487,3
971,False,1,1,0,0.05057663400657475,1,0,2487,3
972,False,1,1,0,0.05049434304237366,1,0,2487,3
973,False,1,1,0,0.0507223290624097,1,0,2487,3
974,False,1,1,0,0.05002333503216505,1,0,2487,3
975,False,1,1,0,0.05101327004376799,1,0,2487,3
976,False,1,1,0,0.05163962906226516,1,0,2487,3
977,False,1,1,0,0.05221170000731945,1,0,2487,3
978,False,1,1,0,0.05100165610201657,1,0,2487,3
979,False,1,1,0,0.05144224199466407,1,0,2487,3
980,False,1,1,0,0.04995194391813129,1,0,2487,3
981,False,1,1,0,0.05179591092746705,1,0,2487,3
982,False,1,1,0,0.05237354198470712,1,0,2487,3
983,False,1,1,0,0.053929104935377836,1,0,2487,3
984,False,1,1,0,0.05506063892971724,1,0,2487,3
985,False,1,1,0,0.0503328510094434,1,0,2487,3
986,False,1,1,0,0.05091248091775924,1,0,2487,3
987,False,1,1,0,0.05029561405535787,1,0,2487,3
988,False,1,1,0,0.04975128802470863,1,0,2487,3
989,False,1,1,0,0.04980113997589797,1,0,2487,3
990,False,1,1,0,0.04958455509040505,1,0,2487,3
991,False,1,1,0,0.050961366039700806,1,0,2487,3
992,False,1,1,0,0.05095426004845649,1,0,2487,3
993,False,1,1,0,0.05155040603131056,1,0,2487,3
994,False,1,1,0,0.05078162089921534,1,0,2487,3
995,False,1,1,0,0.05040681408718228,1,0,2487,3
996,False,1,1,0,0.05022895894944668,1,0,2487,3
997,False,1,1,0,0.052489099907688797,1,0,2487,3
998,False,1,1,0,0.055808825069107115,1,0,2487,3
999,False,1,1,0,0.05663184297736734,1,0,2487,3
1000,False,1,1,0,0.05564118304755539,1,0,2487,3
1001,False,1,1,0,0.05445611395407468,1,0,2487,3
1002,False,1,1,0,0.05106727499514818,1,0,2487,3
1003,False,1,1,0,0.05601667799055576,1,0,2487,3
1004,False,1,1,0,0.049766927026212215,1,0,2487,3
1005,False,1,1,0,0.05118473502807319,1,0,2487,3
1006,False,1,1,0,0.05101947707589716,1,0,2487,3
1007,False,1,1,0,0.05011564202141017,1,0,2487,3
1008,False,1,1,0,0.05118096398655325,1,0,2487,3
1009,False,1,1,0,0.050422216998413205,1,0,2487,3
1010,False,1,1,0,0.050810595974326134,1,0,2487,3
1011,False,1,1,0,0.05073610402178019,1,0,2487,3
1012,False,1,1,0,0.050652573001571,1,0,2487,3
1013,False,1,1,0,0.05046186503022909,1,0,2487,3
1014,False,1,1,0,0.05034619907382876,1,0,2487,3
1015,False,1,1,0,0.0515539989573881,1,0,2487,3
1016,False,1,1,0,0.05012496397830546,1,0,2487,3
1017,False,1,1,0,0.051536973915062845,1,0,2487,3
1018,False,1,1,0,0.051044987980276346,1,0,2487,3
1019,False,1,1,0,0.05017657997086644,1,0,2487,3
1020,False,1,1,0,0.05384480603970587,1,0,2487,3
1021,False,1,1,0,0.0501937159569934,1,0,2487,3
1022,False,1,1,0,0.053285930887795985,1,0,2487,3
1023,False,1,1,0,0.05222038505598903,0,0,2490,0
1024,True,1,512,0,0.0485778609290719,1,0,2488,2
1025,False,1,1,0,0.050303708063438535,1,0,2487,3
1026,False,1,1,0,0.0502296460326761,1,0,2487,3
1027,False,1,1,0,0.05016967095434666,1,0,2487,3
1028,False,1,1,0,0.05081296502612531,1,0,2487,3
1029,False,1,1,0,0.05025139497593045,1,0,2487,3
1030,False,1,1,0,0.05150910094380379,1,0,2487,3
1031,False,1,1,0,0.050387105089612305,1,0,2487,3
1032,False,1,1,0,0.050755508011206985,1,0,2487,3
1033,False,1,1,0,0.05006337899249047,1,0,2487,3
1034,False,1,1,0,0.050338702974841,1,0,2487,3
1035,False,1,1,0,0.051457326975651085,1,0,2487,3
1036,False,1,1,0,0.04994380904827267,1,0,2487,3
1037,False,1,1,0,0.051524683949537575,1,0,2487,3
1038,False,1,1,0,0.05083257798105478,1,0,2487,3
1039,False,1,1,0,0.05072730896063149,1,0,2487,3
1040,False,1,1,0,0.05420447594951838,1,0,2487,3
1041,False,1,1,0,0.049793231999501586,1,0,2487,3
1042,False,1,1,0,0.04992328095249832,1,0,2487,3
1043,False,1,1,0,0.053973276051692665,1,0,2487,3
1044,False,1,1,0,0.05089709896128625,1,0,2487,3
1045,False,1,1,0,0.051490467973053455,1,0,2487,3
1046,False,1,1,0,0.04980882105883211,1,0,2487,3
1047,False,1,1,0,0.05006859009154141,1,0,2487,3
1048,False,1,1,0,0.05013963708188385,1,0,2487,3
1049,False,1,1,0,0.05015390703920275,1,0,2487,3
1050,False,1,1,0,0.049993310938589275,1,0,2487,3
1051,False,1,1,0,0.04981961194425821,1,0,2487,3
1052,False,1,1,0,0.051495302002877,1,0,2487,3
1053,False,1,1,0,0.053621507016941905,1,0,2487,3
1054,False,1,1,0,0.06118891108781099,1,0,2487,3
1055,False,1,1,0,0.06029215804301202,1,0,2487,3
1056,False,1,1,0,0.05519241897854954,1,0,2487,3
1057,False,1,1,0,0.05473466997500509,1,0,2487,3
1058,False,1,1,0,0.0504393259761855,1,0,2487,3
1059,False,1,1,0,0.053246499970555305,1,0,2487,3
1060,False,1,1,0,0.052204695995897055,1,0,2487,3
1061,False,1,1,0,0.05096401402261108,1,0,2487,3
1062,False,1,1,0,0.05047172599006444,1,0,2487,3
1063,False,1,1,0,0.04982522991485894,1,0,2487,3
1064,False,1,1,0,0.050186883891001344,1,0,2487,3
1065,False,1,1,0,0.049888723995536566,1,0,2487,3
1066,False,1,1,0,0.050042398972436786,1,0,2487,3
1067,False,1,1,0,0.049688161932863295,1,0,2487,3
1068,False,1,1,0,0.04955767898354679,1,0,2487,3
1069,False,1,1,0,0.049921144964173436,1,0,2487,3
1070,False,1,1,0,0.049714441993273795,1,0,2487,3
1071,False,1,1,0,0.049959365045651793,1,0,2487,3
1072,False,1,1,0,0.05011322209611535,1,0,2487,3
1073,False,1,1,0,0.050193130038678646,1,0,2487,3
1074,False,1,1,0,0.05011898803059012,1,0,2487,3
1075,False,1,1,0,0.05038631695788354,1,0,2487,3
1076,False,1,1,0,0.05034299392718822,1,0,2487,3
1077,False,1,1,0,0.04970441001933068,1,0,2487,3
1078,False,1,1,0,0.0500874409917742,1,0,2487,3
1079,False,1,1,0,0.05360652506351471,1,0,2487,3
1080,False,1,1,0,0.05384793702978641,1,0,2487,3
1081,False,1,1,0,0.053148905048146844,1,0,2487,3
1082,False,1,1,0,0.05966336198616773,1,0,2487,3
1083,False,1,1,0,0.06523659301456064,1,0,2487,3
1084,False,1,1,0,0.06245250697247684,1,0,2487,3
1085,False,1,1,0,0.05110291705932468,1,0,2487,3
1086,False,1,1,0,0.05002469301689416,1,0,2487,3
1087,False,1,1,0,0.050251389970071614,1,0,2487,3
1088,False,1,1,0,0.0500465800287202,1,0,2487,3
1089,False,1,1,0,0.05192772205919027,1,0,2487,3
1090,False,1,1,0,0.05115544202271849,1,0,2487,3
1091,False,1,1,0,0.05015877296682447,1,0,2487,3
1092,False,1,1,0,0.05064986401703209,1,0,2487,3
1093,False,1,1,0,0.04971784702502191,1,0,2487,3
1094,False,1,1,0,0.04993569804355502,1,0,2487,3
1095,False,1,1,0,0.05085301701910794,1,0,2487,3
1096,False,1,1,0,0.05018857808317989,1,0,2487,3
1097,False,1,1,0,0.05064321402460337,1,0,2487,3
1098,False,1,1,0,0.0540519249625504,1,0,2487,3
1099,False,1,1,0,0.05128875991795212,1,0,2487,3
1100,False,1,1,0,0.05284931603819132,1,0,2487,3
1101,False,1,1,0,0.053246389026753604,1,0,2487,3
1102,False,1,1,0,0.050446875975467265,1,0,2487,3
1103,False,1,1,0,0.05163791496306658,1,0,2487,3
1104,False,1,1,0,0.05014385411050171,1,0,2487,3
1105,False,1,1,0,0.05020894494373351,1,0,2487,3
1106,False,1,1,0,0.04966772103216499,1,0,2487,3
1107,False,1,1,0,0.049875509925186634,1,0,2487,3
1108,False,1,1,0,0.049630555091425776,1,0,2487,3
1109,False,1,1,0,0.049546352005563676,1,0,2487,3
1110,False,1,1,0,0.05062617699149996,1,0,2487,3
1111,False,1,1,0,0.04999739397317171,1,0,2487,3
1112,False,1,1,0,0.050361278001219034,1,0,2487,3
1113,False,1,1,0,0.04964196390938014,1,0,2487,3
1114,False,1,1,0,0.049894926021806896,1,0,2487,3
1115,False,1,1,0,0.04998157999943942,1,0,2487,3
1116,False,1,1,0,0.049528713105246425,1,0,2487,3
1117,False,1,1,0,0.05086674098856747,1,0,2487,3
1118,False,1,1,0,0.051399350981228054,1,0,2487,3
1119,False,1,1,0,0.05010754708200693,1,0,2487,3
1120,False,1,1,0,0.04971053195185959,1,0,2487,3
1121,False,1,1,0,0.049402046017348766,1,0,2487,3
1122,False,1,1,0,0.05047896399628371,1,0,2487,3
1123,False,1,1,0,0.04966913303360343,1,0,2487,3
1124,False,1,1,0,0.0494571509771049,1,0,2487,3
1125,False,1,1,0,0.050278497976250947,1,0,2487,3
1126,False,1,1,0,0.049407330923713744,1,0,2487,3
1127,False,1,1,0,0.04993385402485728,1,0,2487,3
1128,False,1,1,0,0.05000381008721888,1,0,2487,3
1129,False,1,1,0,0.04987930995412171,1,0,2487,3
1130,False,1,1,0,0.04975038697011769,1,0,2487,3
1131,False,1,1,0,0.04979879304300994,1,0,2487,3
1132,False,1,1,0,0.04994934902060777,1,0,2487,3
1133,False,1,1,0,0.049579287064261734,1,0,2487,3
1134,False,1,1,0,0.05058880092110485,1,0,2487,3
1135,False,1,1,0,0.050277372007258236,1,0,2487,3
1136,False,1,1,0,0.04939423606265336,1,0,2487,3
1137,False,1,1,0,0.05017087992746383,1,0,2487,3
1138,False,1,1,0,0.050139923114329576,1,0,2487,3
1139,False,1,1,0,0.05039550201036036,1,0,2487,3
1140,False,1,1,0,0.049950591986998916,1,0,2487,3
1141,False,1,1,0,0.05117445404175669,1,0,2487,3
1142,False,1,1,0,0.049815003061667085,1,0,2487,3
1143,False,1,1,0,0.04969826096203178,1,0,2487,3
1144,False,1,1,0,0.049702774034813046,1,0,2487,3
1145,False,1,1,0,0.0501241369638592,1,0,2487,3
1146,False,1,1,0,0.0506684361025691,1,0,2487,3
1147,False,1,1,0,0.05010948202107102,1,0,2487,3
1148,False,1,1,0,0.05003175896126777,1,0,2487,3
1149,False,1,1,0,0.0499105000635609,1,0,2487,3
1150,False,1,1,0,0.049719991046004,1,0,2487,3
1151,False,1,1,0,0.04980958206579089,0,0,2490,0
1152,True,1,512,0,0.047594475909136236,1,0,2488,2
1153,False,1,1,0,0.050267795915715396,1,0,2487,3
1154,False,1,1,0,0.04992696107365191,1,0,2487,3
1155,False,1,1,0,0.05187109101098031,1,0,2487,3
1156,False,1,1,0,0.0496421349234879,1,0,2487,3
1157,False,1,1,0,0.04980435699690133,1,0,2487,3
1158,False,1,1,0,0.04971894505433738,1,0,2487,3
1159,False,1,1,0,0.051550226053223014,1,0,2487,3
1160,False,1,1,0,0.05011262709740549,1,0,2487,3
1161,False,1,1,0,0.05124341300688684,1,0,2487,3
1162,False,1,1,0,0.04960995994042605,1,0,2487,3
1163,False,1,1,0,0.05035306711215526,1,0,2487,3
1164,False,1,1,0,0.04964565904811025,1,0,2487,3
1165,False,1,1,0,0.049668335006572306,1,0,2487,3
1166,False,1,1,0,0.05148544197436422,1,0,2487,3
1167,False,1,1,0,0.05413993599358946,1,0,2487,3
1168,False,1,1,0,0.06293825001921505,1,0,2487,3
1169,False,1,1,0,0.06604328099638224,1,0,2487,3
1170,False,1,1,0,0.05697765795048326,1,0,2487,3
1171,False,1,1,0,0.05304948298726231,1,0,2487,3
1172,False,1,1,0,0.0497988520655781,1,0,2487,3
1173,False,1,1,0,0.04960987495724112,1,0,2487,3
1174,False,1,1,0,0.04981135902926326,1,0,2487,3
1175,False,1,1,0,0.052505248109810054,1,0,2487,3
1176,False,1,1,0,0.055289029027335346,1,0,2487,3
1177,False,1,1,0,0.06282058998476714,1,0,2487,3
1178,False,1,1,0,0.06764929497148842,1,0,2487,3
1179,False,1,1,0,0.051744760014116764,1,0,2487,3
1180,False,1,1,0,0.05029705597553402,1,0,2487,3
1181,False,1,1,0,0.049874953110702336,1,0,2487,3
1182,False,1,1,0,0.049606077023781836,1,0,2487,3
1183,False,1,1,0,0.04996721702627838,1,0,2487,3
1184,False,1,1,0,0.04958621098194271,1,0,2487,3
1185,False,1,1,0,0.04947063699364662,1,0,2487,3
1186,False,1,1,0,0.0522119119996205,1,0,2487,3
1187,False,1,1,0,0.0502119529992342,1,0,2487,3
1188,False,1,1,0,0.04963012598454952,1,0,2487,3
1189,False,1,1,0,0.049616763019002974,1,0,2487,3
1190,False,1,1,0,0.049716921988874674,1,0,2487,3
1191,False,1,1,0,0.04969349596649408,1,0,2487,3
1192,False,1,1,0,0.05057946895249188,1,0,2487,3
1193,False,1,1,0,0.05055787705350667,1,0,2487,3
1194,False,1,1,0,0.04975947691127658,1,0,2487,3
1195,False,1,1,0,0.049705491052009165,1,0,2487,3
1196,False,1,1,0,0.05070556397549808,1,0,2487,3
1197,False,1,1,0,0.050345959956757724,1,0,2487,3
1198,False,1,1,0,0.05281126394402236,1,0,2487,3
1199,False,1,1,0,0.04957479902077466,1,0,2487,3
1200,False,1,1,0,0.0493839280679822,1,0,2487,3
1201,False,1,1,0,0.04998890799470246,1,0,2487,3
1202,False,1,1,0,0.04996784601826221,1,0,2487,3
1203,False,1,1,0,0.0502020480344072,1,0,2487,3
1204,False,1,1,0,0.049957480980083346,1,0,2487,3
1205,False,1,1,0,0.04998054704628885,1,0,2487,3
1206,False,1,1,0,0.05007472704164684,1,0,2487,3
1207,False,1,1,0,0.04986261308658868,1,0,2487,3
1208,False,1,1,0,0.049537905026227236,1,0,2487,3
1209,False,1,1,0,0.04960742802359164,1,0,2487,3
1210,False,1,1,0,0.049638077965937555,1,0,2487,3
1211,False,1,1,0,0.049319191952236,1,0,2487,3
1212,False,1,1,0,0.04947538301348686,1,0,2487,3
1213,False,1,1,0,0.05068917293101549,1,0,2487,3
1214,False,1,1,0,0.04940980894025415,1,0,2487,3
1215,False,1,1,0,0.05030252109281719,1,0,2487,3
1216,False,1,1,0,0.050600838963873684,1,0,2487,3
1217,False,1,1,0,0.049872084986418486,1,0,2487,3
1218,False,1,1,0,0.052221313933841884,1,0,2487,3
1219,False,1,1,0,0.05044247396290302,1,0,2487,3
1220,False,1,1,0,0.0499738339567557,1,0,2487,3
1221,False,1,1,0,0.049827598966658115,1,0,2487,3
1222,False,1,1,0,0.05029639694839716,1,0,2487,3
1223,False,1,1,0,0.05018334893975407,1,0,2487,3
1224,False,1,1,0,0.04985055001452565,1,0,2487,3
1225,False,1,1,0,0.049921678961254656,1,0,2487,3
1226,False,1,1,0,0.04990871693007648,1,0,2487,3
1227,False,1,1,0,0.04986279003787786,1,0,2487,3
1228,False,1,1,0,0.049722655094228685,1,0,2487,3
1229,False,1,1,0,0.051091238972730935,1,0,2487,3
1230,False,1,1,0,0.05025447497610003,1,0,2487,3
1231,False,1,1,0,0.04983738996088505,1,0,2487,3
1232,False,1,1,0,0.05001673405058682,1,0,2487,3
1233,False,1,1,0,0.05073650903068483,1,0,2487,3
1234,False,1,1,0,0.0498444470576942,1,0,2487,3
1235,False,1,1,0,0.05014325596857816,1,0,2487,3
1236,False,1,1,0,0.05432695907074958,1,0,2487,3
1237,False,1,1,0,0.05022942996583879,1,0,2487,3
1238,False,1,1,0,0.050207450054585934,1,0,2487,3
1239,False,1,1,0,0.049506176030263305,1,0,2487,3
1240,False,1,1,0,0.051246522925794125,1,0,2487,3
1241,False,1,1,0,0.0500756649998948,1,0,2487,3
1242,False,1,1,0,0.04970688896719366,1,0,2487,3
1243,False,1,1,0,0.050084654008969665,1,0,2487,3
1244,False,1,1,0,0.04945428005885333,1,0,2487,3
1245,False,1,1,0,0.049932366935536265,1,0,2487,3
1246,False,1,1,0,0.05010739807039499,1,0,2487,3
1247,False,1,1,0,0.05002929293550551,1,0,2487,3
1248,False,1,1,0,0.05025464994832873,1,0,2487,3
1249,False,1,1,0,0.05096372007392347,1,0,2487,3
1250,False,1,1,0,0.04991694202180952,1,0,2487,3
1251,False,1,1,0,0.051188700017519295,1,0,2487,3
1252,False,1,1,0,0.05533889902289957,1,0,2487,3
1253,False,1,1,0,0.06346463004592806,1,0,2487,3
1254,False,1,1,0,0.05570067907683551,1,0,2487,3
1255,False,1,1,0,0.054615434957668185,1,0,2487,3
1256,False,1,1,0,0.053964802995324135,1,0,2487,3
1257,False,1,1,0,0.051778013934381306,1,0,2487,3
1258,False,1,1,0,0.050388814066536725,1,0,2487,3
1259,False,1,1,0,0.050408923998475075,1,0,2487,3
1260,False,1,1,0,0.05029831605497748,1,0,2487,3
1261,False,1,1,0,0.05027342401444912,1,0,2487,3
1262,False,1,1,0,0.04996441793628037,1,0,2487,3
1263,False,1,1,0,0.04969677806366235,1,0,2487,3
1264,False,1,1,0,0.049892241950146854,1,0,2487,3
1265,False,1,1,0,0.05036851798649877,1,0,2487,3
1266,False,1,1,0,0.05011654901318252,1,0,2487,3
1267,False,1,1,0,0.050191527931019664,1,0,2487,3
1268,False,1,1,0,0.04960677702911198,1,0,2487,3
1269,False,1,1,0,0.0500665350118652,1,0,2487,3
1270,False,1,1,0,0.04992583394050598,1,0,2487,3
1271,False,1,1,0,0.04982826497871429,1,0,2487,3
1272,False,1,1,0,0.05046010692603886,1,0,2487,3
1273,False,1,1,0,0.05015672300942242,1,0,2487,3
1274,False,1,1,0,0.05048456904478371,1,0,2487,3
1275,False,1,1,0,0.05337252700701356,1,0,2487,3
1276,False,1,1,0,0.052372538950294256,1,0,2487,3
1277,False,1,1,0,0.0522974559571594,1,0,2487,3
1278,False,1,1,0,0.049599323072470725,1,0,2487,3
1279,False,1,1,0,0.05060877604410052,0,0,2490,0
1280,True,1,512,0,0.047503149951808155,1,0,2488,2
1281,False,1,1,0,0.0497319019632414,1,0,2487,3
1282,False,1,1,0,0.04975256498437375,1,0,2487,3
1283,False,1,1,0,0.04990677291061729,1,0,2487,3
1284,False,1,1,0,0.05031585902906954,1,0,2487,3
1285,False,1,1,0,0.04977438296191394,1,0,2487,3
1286,False,1,1,0,0.04953605309128761,1,0,2487,3
1287,False,1,1,0,0.049779216991737485,1,0,2487,3
1288,False,1,1,0,0.050504753016866744,1,0,2487,3
1289,False,1,1,0,0.050153665943071246,1,0,2487,3
1290,False,1,1,0,0.04989237594418228,1,0,2487,3
1291,False,1,1,0,0.05016306194011122,1,0,2487,3
1292,False,1,1,0,0.050204597995616496,1,0,2487,3
1293,False,1,1,0,0.04988340300042182,1,0,2487,3
1294,False,1,1,0,0.05017121904529631,1,0,2487,3
1295,False,1,1,0,0.05156192998401821,1,0,2487,3
1296,False,1,1,0,0.050273837987333536,1,0,2487,3
1297,False,1,1,0,0.053802356007508934,1,0,2487,3
1298,False,1,1,0,0.05014343396760523,1,0,2487,3
1299,False,1,1,0,0.0524106869706884,1,0,2487,3
1300,False,1,1,0,0.06056932499632239,1,0,2487,3
1301,False,1,1,0,0.06802697398234159,1,0,2487,3
1302,False,1,1,0,0.0656182129168883,1,0,2487,3
1303,False,1,1,0,0.05752437293995172,1,0,2487,3
1304,False,1,1,0,0.05129056703299284,1,0,2487,3
1305,False,1,1,0,0.04970923706423491,1,0,2487,3
1306,False,1,1,0,0.04970979399513453,1,0,2487,3
1307,False,1,1,0,0.04980213905218989,1,0,2487,3
1308,False,1,1,0,0.04991342907305807,1,0,2487,3
1309,False,1,1,0,0.049939063959755,1,0,2487,3
1310,False,1,1,0,0.05058946902863681,1,0,2487,3
1311,False,1,1,0,0.04996119800489396,1,0,2487,3
1312,False,1,1,0,0.049897357006557286,1,0,2487,3
1313,False,1,1,0,0.05260785098653287,1,0,2487,3
1314,False,1,1,0,0.050931548001244664,1,0,2487,3
1315,False,1,1,0,0.05044905608519912,1,0,2487,3
1316,False,1,1,0,0.05026119400281459,1,0,2487,3
1317,False,1,1,0,0.05044437991455197,1,0,2487,3
1318,False,1,1,0,0.05137821298558265,1,0,2487,3
1319,False,1,1,0,0.04961081105284393,1,0,2487,3
1320,False,1,1,0,0.049743341049179435,1,0,2487,3
1321,False,1,1,0,0.04965058504603803,1,0,2487,3
1322,False,1,1,0,0.04964131989981979,1,0,2487,3
1323,False,1,1,0,0.04992541205137968,1,0,2487,3
1324,False,1,1,0,0.049470454920083284,1,0,2487,3
1325,False,1,1,0,0.049778789980337024,1,0,2487,3
1326,False,1,1,0,0.049409652943722904,1,0,2487,3
1327,False,1,1,0,0.04971296095754951,1,0,2487,3
1328,False,1,1,0,0.04964402306359261,1,0,2487,3
1329,False,1,1,0,0.04951082996558398,1,0,2487,3
1330,False,1,1,0,0.04977128002792597,1,0,2487,3
1331,False,1,1,0,0.0503298930125311,1,0,2487,3
1332,False,1,1,0,0.049543269095011055,1,0,2487,3
1333,False,1,1,0,0.05209149804431945,1,0,2487,3
1334,False,1,1,0,0.05125910497736186,1,0,2487,3
1335,False,1,1,0,0.051077665062621236,1,0,2487,3
1336,False,1,1,0,0.053218271932564676,1,0,2487,3
1337,False,1,1,0,0.05604632303584367,1,0,2487,3
1338,False,1,1,0,0.054354898049496114,1,0,2487,3
1339,False,1,1,0,0.05263219401240349,1,0,2487,3
1340,False,1,1,0,0.05135462700854987,1,0,2487,3
1341,False,1,1,0,0.04972641507629305,1,0,2487,3
1342,False,1,1,0,0.04986799508333206,1,0,2487,3
1343,False,1,1,0,0.05004481796640903,1,0,2487,3
1344,False,1,1,0,0.049671283923089504,1,0,2487,3
1345,False,1,1,0,0.04946335090789944,1,0,2487,3
1346,False,1,1,0,0.04949459002818912,1,0,2487,3
1347,False,1,1,0,0.05157815292477608,1,0,2487,3
1348,False,1,1,0,0.04987302899826318,1,0,2487,3
1349,False,1,1,0,0.04948339704424143,1,0,2487,3
1350,False,1,1,0,0.05011838802602142,1,0,2487,3
1351,False,1,1,0,0.049909755936823785,1,0,2487,3
1352,False,1,1,0,0.0504956420045346,1,0,2487,3
1353,False,1,1,0,0.05095561593770981,1,0,2487,3
1354,False,1,1,0,0.049726826953701675,1,0,2487,3
1355,False,1,1,0,0.05463634803891182,1,0,2487,3
1356,False,1,1,0,0.050401882035657763,1,0,2487,3
1357,False,1,1,0,0.05076829402241856,1,0,2487,3
1358,False,1,1,0,0.05057744402438402,1,0,2487,3
1359,False,1,1,0,0.0496302570682019,1,0,2487,3
1360,False,1,1,0,0.04963068594224751,1,0,2487,3
1361,False,1,1,0,0.04981642100028694,1,0,2487,3
1362,False,1,1,0,0.05004366801586002,1,0,2487,3
1363,False,1,1,0,0.050131028983742,1,0,2487,3
1364,False,1,1,0,0.04982271196786314,1,0,2487,3
1365,False,1,1,0,0.050018061068840325,1,0,2487,3
1366,False,1,1,0,0.04979273199569434,1,0,2487,3
1367,False,1,1,0,0.04999727592803538,1,0,2487,3
1368,False,1,1,0,0.049675216898322105,1,0,2487,3
1369,False,1,1,0,0.049988248967565596,1,0,2487,3
1370,False,1,1,0,0.049947229912504554,1,0,2487,3
1371,False,1,1,0,0.04993954999372363,1,0,2487,3
1372,False,1,1,0,0.05088128091301769,1,0,2487,3
1373,False,1,1,0,0.050093094003386796,1,0,2487,3
1374,False,1,1,0,0.05399677890818566,1,0,2487,3
1375,False,1,1,0,0.05331910203676671,1,0,2487,3
1376,False,1,1,0,0.052156192949041724,1,0,2487,3
1377,False,1,1,0,0.050272342981770635,1,0,2487,3
1378,False,1,1,0,0.05166974803432822,1,0,2487,3
1379,False,1,1,0,0.05010517209302634,1,0,2487,3
1380,False,1,1,0,0.05008265806827694,1,0,2487,3
1381,False,1,1,0,0.04966492496896535,1,0,2487,3
1382,False,1,1,0,0.050062585971318185,1,0,2487,3
1383,False,1,1,0,0.05291424097958952,1,0,2487,3
1384,False,1,1,0,0.04979374795220792,1,0,2487,3
1385,False,1,1,0,0.04988466203212738,1,0,2487,3
1386,False,1,1,0,0.049964439938776195,1,0,2487,3
1387,False,1,1,0,0.049646039959043264,1,0,2487,3
1388,False,1,1,0,0.050038084969855845,1,0,2487,3
1389,False,1,1,0,0.04972769704181701,1,0,2487,3
1390,False,1,1,0,0.050366675946861506,1,0,2487,3
1391,False,1,1,0,0.04980457294732332,1,0,2487,3
1392,False,1,1,0,0.050836756941862404,1,0,2487,3
1393,False,1,1,0,0.05288295599166304,1,0,2487,3
1394,False,1,1,0,0.050511267967522144,1,0,2487,3
1395,False,1,1,0,0.05237848195247352,1,0,2487,3
1396,False,1,1,0,0.04950882506091148,1,0,2487,3
1397,False,1,1,0,0.04992520797532052,1,0,2487,3
1398,False,1,1,0,0.04958788899239153,1,0,2487,3
1399,False,1,1,0,0.050033185980282724,1,0,2487,3
1400,False,1,1,0,0.04984571703244001,1,0,2487,3
1401,False,1,1,0,0.05024855304509401,1,0,2487,3
1402,False,1,1,0,0.04994346899911761,1,0,2487,3
1403,False,1,1,0,0.049696131027303636,1,0,2487,3
1404,False,1,1,0,0.05008506297599524,1,0,2487,3
1405,False,1,1,0,0.04984664008952677,1,0,2487,3
1406,False,1,1,0,0.04992980498354882,1,0,2487,3
1407,False,1,1,0,0.051072777016088367,0,0,2490,0
1408,True,1,512,0,0.047841376974247396,1,0,2488,2
1409,False,1,1,0,0.05019064503721893,1,0,2487,3
1410,False,1,1,0,0.05004006589297205,1,0,2487,3
1411,False,1,1,0,0.050449064001441,1,0,2487,3
1412,False,1,1,0,0.050204489030875266,1,0,2487,3
1413,False,1,1,0,0.051109406049363315,1,0,2487,3
1414,False,1,1,0,0.05091258999891579,1,0,2487,3
1415,False,1,1,0,0.04998054902534932,1,0,2487,3
1416,False,1,1,0,0.04994713899213821,1,0,2487,3
1417,False,1,1,0,0.04966988507658243,1,0,2487,3
1418,False,1,1,0,0.04972375405486673,1,0,2487,3
1419,False,1,1,0,0.04988279996905476,1,0,2487,3
1420,False,1,1,0,0.05110833200160414,1,0,2487,3
1421,False,1,1,0,0.05144790408667177,1,0,2487,3
1422,False,1,1,0,0.060054339934140444,1,0,2487,3
1423,False,1,1,0,0.054929137928411365,1,0,2487,3
1424,False,1,1,0,0.05861292395275086,1,0,2487,3
1425,False,1,1,0,0.06329856195952743,1,0,2487,3
1426,False,1,1,0,0.06349019100889564,1,0,2487,3
1427,False,1,1,0,0.05272655899170786,1,0,2487,3
1428,False,1,1,0,0.052659431006759405,1,0,2487,3
1429,False,1,1,0,0.05019786208868027,1,0,2487,3
1430,False,1,1,0,0.0500793750397861,1,0,2487,3
1431,False,1,1,0,0.051713127992115915,1,0,2487,3
1432,False,1,1,0,0.05228984705172479,1,0,2487,3
1433,False,1,1,0,0.05037727893795818,1,0,2487,3
1434,False,1,1,0,0.04993034107610583,1,0,2487,3
1435,False,1,1,0,0.05015941697638482,1,0,2487,3
1436,False,1,1,0,0.05071187298744917,1,0,2487,3
1437,False,1,1,0,0.050748397945426404,1,0,2487,3
1438,False,1,1,0,0.04957404395099729,1,0,2487,3
1439,False,1,1,0,0.04965152102522552,1,0,2487,3
1440,False,1,1,0,0.0494704379234463,1,0,2487,3
1441,False,1,1,0,0.05016353400424123,1,0,2487,3
1442,False,1,1,0,0.05014771898277104,1,0,2487,3
1443,False,1,1,0,0.050033583072945476,1,0,2487,3
1444,False,1,1,0,0.05127274605911225,1,0,2487,3
1445,False,1,1,0,0.053187196026556194,1,0,2487,3
1446,False,1,1,0,0.050855296081863344,1,0,2487,3
1447,False,1,1,0,0.05106738395988941,1,0,2487,3
1448,False,1,1,0,0.05078841792419553,1,0,2487,3
1449,False,1,1,0,0.05131056101527065,1,0,2487,3
1450,False,1,1,0,0.04981295205652714,1,0,2487,3
1451,False,1,1,0,0.05258387699723244,1,0,2487,3
1452,False,1,1,0,0.04970517393667251,1,0,2487,3
1453,False,1,1,0,0.05048948701005429,1,0,2487,3
1454,False,1,1,0,0.04970028402749449,1,0,2487,3
1455,False,1,1,0,0.049502398003824055,1,0,2487,3
1456,False,1,1,0,0.04965524608269334,1,0,2487,3
1457,False,1,1,0,0.049558917991817,1,0,2487,3
1458,False,1,1,0,0.050087379990145564,1,0,2487,3
1459,False,1,1,0,0.04954006592743099,1,0,2487,3
1460,False,1,1,0,0.049838587059639394,1,0,2487,3
1461,False,1,1,0,0.05035014497116208,1,0,2487,3
1462,False,1,1,0,0.050348896998912096,1,0,2487,3
1463,False,1,1,0,0.05005843797698617,1,0,2487,3
1464,False,1,1,0,0.050057161948643625,1,0,2487,3
1465,False,1,1,0,0.050153163028880954,1,0,2487,3
1466,False,1,1,0,0.05081579298712313,1,0,2487,3
1467,False,1,1,0,0.04962774005252868,1,0,2487,3
1468,False,1,1,0,0.04974649602081627,1,0,2487,3
1469,False,1,1,0,0.04972343798726797,1,0,2487,3
1470,False,1,1,0,0.04974631196819246,1,0,2487,3
1471,False,1,1,0,0.05098928103689104,1,0,2487,3
1472,False,1,1,0,0.05428142996970564,1,0,2487,3
1473,False,1,1,0,0.05357357696630061,1,0,2487,3
1474,False,1,1,0,0.050823010969907045,1,0,2487,3
1475,False,1,1,0,0.05072807800024748,1,0,2487,3
1476,False,1,1,0,0.05057830095756799,1,0,2487,3
1477,False,1,1,0,0.05017735110595822,1,0,2487,3
1478,False,1,1,0,0.050346118048764765,1,0,2487,3
1479,False,1,1,0,0.05045901401899755,1,0,2487,3
1480,False,1,1,0,0.050917930086143315,1,0,2487,3
1481,False,1,1,0,0.05049581499770284,1,0,2487,3
1482,False,1,1,0,0.05119229597039521,1,0,2487,3
1483,False,1,1,0,0.05062921601347625,1,0,2487,3
1484,False,1,1,0,0.050363169983029366,1,0,2487,3
1485,False,1,1,0,0.049990238971076906,1,0,2487,3
1486,False,1,1,0,0.050153563963249326,1,0,2487,3
1487,False,1,1,0,0.05048951297067106,1,0,2487,3
1488,False,1,1,0,0.05046872503589839,1,0,2487,3
1489,False,1,1,0,0.05084528506267816,1,0,2487,3
1490,False,1,1,0,0.05051994801033288,1,0,2487,3
1491,False,1,1,0,0.05055473500397056,1,0,2487,3
1492,False,1,1,0,0.05255564406979829,1,0,2487,3
1493,False,1,1,0,0.05339774291496724,1,0,2487,3
1494,False,1,1,0,0.05028189008589834,1,0,2487,3
1495,False,1,1,0,0.04983318003360182,1,0,2487,3
1496,False,1,1,0,0.052237208001315594,1,0,2487,3
1497,False,1,1,0,0.04977283196058124,1,0,2487,3
1498,False,1,1,0,0.050398132065311074,1,0,2487,3
1499,False,1,1,0,0.05006299400702119,1,0,2487,3
1500,False,1,1,0,0.05034227797295898,1,0,2487,3
1501,False,1,1,0,0.05059145297855139,1,0,2487,3
1502,False,1,1,0,0.04986202600412071,1,0,2487,3
1503,False,1,1,0,0.04970991297159344,1,0,2487,3
1504,False,1,1,0,0.05313731706701219,1,0,2487,3
1505,False,1,1,0,0.06135032698512077,1,0,2487,3
1506,False,1,1,0,0.06048581493087113,1,0,2487,3
1507,False,1,1,0,0.0571258410345763,1,0,2487,3
1508,False,1,1,0,0.05345761205535382,1,0,2487,3
1509,False,1,1,0,0.050476342090405524,1,0,2487,3
1510,False,1,1,0,0.04980934003833681,1,0,2487,3
1511,False,1,1,0,0.051275011035613716,1,0,2487,3
1512,False,1,1,0,0.05102808098308742,1,0,2487,3
1513,False,1,1,0,0.05042490502819419,1,0,2487,3
1514,False,1,1,0,0.050022640032693744,1,0,2487,3
1515,False,1,1,0,0.05017246096394956,1,0,2487,3
1516,False,1,1,0,0.05007602903060615,1,0,2487,3
1517,False,1,1,0,0.05040946207009256,1,0,2487,3
1518,False,1,1,0,0.04962013894692063,1,0,2487,3
1519,False,1,1,0,0.0506003990303725,1,0,2487,3
1520,False,1,1,0,0.050638501066714525,1,0,2487,3
1521,False,1,1,0,0.049939441960304976,1,0,2487,3
1522,False,1,1,0,0.050303298979997635,1,0,2487,3
1523,False,1,1,0,0.051010721013881266,1,0,2487,3
1524,False,1,1,0,0.050707691931165755,1,0,2487,3
1525,False,1,1,0,0.05212220293469727,1,0,2487,3
1526,False,1,1,0,0.05003353604115546,1,0,2487,3
1527,False,1,1,0,0.04986156104132533,1,0,2487,3
1528,False,1,1,0,0.050034326035529375,1,0,2487,3
1529,False,1,1,0,0.05075301695615053,1,0,2487,3
1530,False,1,1,0,0.051841775071807206,1,0,2487,3
1531,False,1,1,0,0.05033164005726576,1,0,2487,3
1532,False,1,1,0,0.0498959879623726,1,0,2487,3
1533,False,1,1,0,0.04976146400440484,1,0,2487,3
1534,False,1,1,0,0.0496382259298116,1,0,2487,3
1535,False,1,1,0,0.049537211074493825,0,0,2490,0
1536,True,1,512,0,0.04781387699767947,1,0,2488,2
1537,False,1,1,0,0.04995893896557391,1,0,2487,3
1538,False,1,1,0,0.04927471000701189,1,0,2487,3
1539,False,1,1,0,0.049609186011366546,1,0,2487,3
1540,False,1,1,0,0.049762780079618096,1,0,2487,3
1541,False,1,1,0,0.04950882203411311,1,0,2487,3
1542,False,1,1,0,0.049577049911022186,1,0,2487,3
1543,False,1,1,0,0.04967965907417238,1,0,2487,3
1544,False,1,1,0,0.04967019101604819,1,0,2487,3
1545,False,1,1,0,0.04959229193627834,1,0,2487,3
1546,False,1,1,0,0.050468680914491415,1,0,2487,3
1547,False,1,1,0,0.053899177932180464,1,0,2487,3
1548,False,1,1,0,0.06267621892038733,1,0,2487,3
1549,False,1,1,0,0.06160761904902756,1,0,2487,3
1550,False,1,1,0,0.05926171806640923,1,0,2487,3
1551,False,1,1,0,0.053387565072625875,1,0,2487,3
1552,False,1,1,0,0.050816503004170954,1,0,2487,3
1553,False,1,1,0,0.049586184904910624,1,0,2487,3
1554,False,1,1,0,0.04958322097081691,1,0,2487,3
1555,False,1,1,0,0.051278522005304694,1,0,2487,3
1556,False,1,1,0,0.0496985410572961,1,0,2487,3
1557,False,1,1,0,0.04986984294373542,1,0,2487,3
1558,False,1,1,0,0.04969921405427158,1,0,2487,3
1559,False,1,1,0,0.050566949998028576,1,0,2487,3
1560,False,1,1,0,0.049913864000700414,1,0,2487,3
1561,False,1,1,0,0.049581552972085774,1,0,2487,3
1562,False,1,1,0,0.049741756985895336,1,0,2487,3
1563,False,1,1,0,0.05041338491719216,1,0,2487,3
1564,False,1,1,0,0.05030587292276323,1,0,2487,3
1565,False,1,1,0,0.0499508420471102,1,0,2487,3
1566,False,1,1,0,0.050878069014288485,1,0,2487,3
1567,False,1,1,0,0.05125924909953028,1,0,2487,3
1568,False,1,1,0,0.050132539006881416,1,0,2487,3
1569,False,1,1,0,0.050793612957932055,1,0,2487,3
1570,False,1,1,0,0.05456515494734049,1,0,2487,3
1571,False,1,1,0,0.05353477201424539,1,0,2487,3
1572,False,1,1,0,0.050175869022496045,1,0,2487,3
1573,False,1,1,0,0.05026136396918446,1,0,2487,3
1574,False,1,1,0,0.049646287923678756,1,0,2487,3
1575,False,1,1,0,0.050003629992716014,1,0,2487,3
1576,False,1,1,0,0.05022552504669875,1,0,2487,3
1577,False,1,1,0,0.04966117406729609,1,0,2487,3
1578,False,1,1,0,0.04981441504787654,1,0,2487,3
1579,False,1,1,0,0.05266244593076408,1,0,2487,3
1580,False,1,1,0,0.050212876056320965,1,0,2487,3
1581,False,1,1,0,0.04989404301159084,1,0,2487,3
1582,False,1,1,0,0.04982149205170572,1,0,2487,3
1583,False,1,1,0,0.04971130995545536,1,0,2487,3
1584,False,1,1,0,0.050844068988226354,1,0,2487,3
1585,False,1,1,0,0.050069746910594404,1,0,2487,3
1586,False,1,1,0,0.04972164402715862,1,0,2487,3
1587,False,1,1,0,0.04961826000362635,1,0,2487,3
1588,False,1,1,0,0.05203314602840692,1,0,2487,3
1589,False,1,1,0,0.055358367040753365,1,0,2487,3
1590,False,1,1,0,0.05941018194425851,1,0,2487,3
1591,False,1,1,0,0.055606388952583075,1,0,2487,3
1592,False,1,1,0,0.052064350922591984,1,0,2487,3
1593,False,1,1,0,0.050911362981423736,1,0,2487,3
1594,False,1,1,0,0.049817514955066144,1,0,2487,3
1595,False,1,1,0,0.05024086800403893,1,0,2487,3
1596,False,1,1,0,0.050165520049631596,1,0,2487,3
1597,False,1,1,0,0.04989230097271502,1,0,2487,3
1598,False,1,1,0,0.05039225099608302,1,0,2487,3
1599,False,1,1,0,0.050593848107382655,1,0,2487,3
1600,False,1,1,0,0.04963227303232998,1,0,2487,3
1601,False,1,1,0,0.05005003500264138,1,0,2487,3
1602,False,1,1,0,0.04999996395781636,1,0,2487,3
1603,False,1,1,0,0.05015284602995962,1,0,2487,3
1604,False,1,1,0,0.05080329405609518,1,0,2487,3
1605,False,1,1,0,0.05035185697488487,1,0,2487,3
1606,False,1,1,0,0.0497276890091598,1,0,2487,3
1607,False,1,1,0,0.050808736006729305,1,0,2487,3
1608,False,1,1,0,0.05269980197772384,1,0,2487,3
1609,False,1,1,0,0.0502580200554803,1,0,2487,3
1610,False,1,1,0,0.05063524702563882,1,0,2487,3
1611,False,1,1,0,0.049967800034210086,1,0,2487,3
1612,False,1,1,0,0.04982500697951764,1,0,2487,3
1613,False,1,1,0,0.049697477952577174,1,0,2487,3
1614,False,1,1,0,0.05152975197415799,1,0,2487,3
1615,False,1,1,0,0.049734750064089894,1,0,2487,3
1616,False,1,1,0,0.049865902052260935,1,0,2487,3
1617,False,1,1,0,0.04979930096305907,1,0,2487,3
1618,False,1,1,0,0.0506513089640066,1,0,2487,3
1619,False,1,1,0,0.05026932992041111,1,0,2487,3
1620,False,1,1,0,0.049611433991231024,1,0,2487,3
1621,False,1,1,0,0.049961791024543345,1,0,2487,3
1622,False,1,1,0,0.049710446037352085,1,0,2487,3
1623,False,1,1,0,0.04998775594867766,1,0,2487,3
1624,False,1,1,0,0.050009033060632646,1,0,2487,3
1625,False,1,1,0,0.051199482986703515,1,0,2487,3
1626,False,1,1,0,0.05015678401105106,1,0,2487,3
1627,False,1,1,0,0.050086900941096246,1,0,2487,3
1628,False,1,1,0,0.05313377396669239,1,0,2487,3
1629,False,1,1,0,0.052648662007413805,1,0,2487,3
1630,False,1,1,0,0.050394122023135424,1,0,2487,3
1631,False,1,1,0,0.05054662690963596,1,0,2487,3
1632,False,1,1,0,0.049953510984778404,1,0,2487,3
1633,False,1,1,0,0.04994535795412958,1,0,2487,3
1634,False,1,1,0,0.04985564504750073,1,0,2487,3
1635,False,1,1,0,0.05022076703608036,1,0,2487,3
1636,False,1,1,0,0.05026648903731257,1,0,2487,3
1637,False,1,1,0,0.050041537964716554,1,0,2487,3
1638,False,1,1,0,0.05009103496558964,1,0,2487,3
1639,False,1,1,0,0.049947408959269524,1,0,2487,3
1640,False,1,1,0,0.04982208204455674,1,0,2487,3
1641,False,1,1,0,0.05056688701733947,1,0,2487,3
1642,False,1,1,0,0.05043284292332828,1,0,2487,3
1643,False,1,1,0,0.04982108005788177,1,0,2487,3
1644,False,1,1,0,0.051399772986769676,1,0,2487,3
1645,False,1,1,0,0.05037929303944111,1,0,2487,3
1646,False,1,1,0,0.0498555030208081,1,0,2487,3
1647,False,1,1,0,0.05113519891165197,1,0,2487,3
1648,False,1,1,0,0.05193238100036979,1,0,2487,3
1649,False,1,1,0,0.051021410967223346,1,0,2487,3
1650,False,1,1,0,0.049909343011677265,1,0,2487,3
1651,False,1,1,0,0.04979331197682768,1,0,2487,3
1652,False,1,1,0,0.05005194107070565,1,0,2487,3
1653,False,1,1,0,0.04980098898522556,1,0,2487,3
1654,False,1,1,0,0.05003331892658025,1,0,2487,3
1655,False,1,1,0,0.050117090926505625,1,0,2487,3
1656,False,1,1,0,0.049578575999476016,1,0,2487,3
1657,False,1,1,0,0.04961272096261382,1,0,2487,3
1658,False,1,1,0,0.04975430702324957,1,0,2487,3
1659,False,1,1,0,0.0495406580157578,1,0,2487,3
1660,False,1,1,0,0.04959923995193094,1,0,2487,3
1661,False,1,1,0,0.049720747978426516,1,0,2487,3
1662,False,1,1,0,0.049713586922734976,1,0,2487,3
1663,False,1,1,0,0.04976468801032752,0,0,2490,0
1664,True,1,512,0,0.04845961194951087,1,0,2488,2
1665,False,1,1,0,0.050460744998417795,1,0,2487,3
1666,False,1,1,0,0.05002877104561776,1,0,2487,3
1667,False,1,1,0,0.05050684593152255,1,0,2487,3
1668,False,1,1,0,0.050666686962358654,1,0,2487,3
1669,False,1,1,0,0.05577433097641915,1,0,2487,3
1670,False,1,1,0,0.052286852966062725,1,0,2487,3
1671,False,1,1,0,0.05213785800151527,1,0,2487,3
1672,False,1,1,0,0.05617299198638648,1,0,2487,3
1673,False,1,1,0,0.061442424077540636,1,0,2487,3
1674,False,1,1,0,0.06497716601006687,1,0,2487,3
1675,False,1,1,0,0.05723542196210474,1,0,2487,3
1676,False,1,1,0,0.055900064995512366,1,0,2487,3
1677,False,1,1,0,0.0536868559429422,1,0,2487,3
1678,False,1,1,0,0.051075240946374834,1,0,2487,3
1679,False,1,1,0,0.0500665350118652,1,0,2487,3
1680,False,1,1,0,0.05034848500508815,1,0,2487,3
1681,False,1,1,0,0.04994993598666042,1,0,2487,3
1682,False,1,1,0,0.05053378199227154,1,0,2487,3
1683,False,1,1,0,0.0503014411078766,1,0,2487,3
1684,False,1,1,0,0.05123667302541435,1,0,2487,3
1685,False,1,1,0,0.049760257941670716,1,0,2487,3
1686,False,1,1,0,0.05131903593428433,1,0,2487,3
1687,False,1,1,0,0.05128977901767939,1,0,2487,3
1688,False,1,1,0,0.05211075802799314,1,0,2487,3
1689,False,1,1,0,0.052330467966385186,1,0,2487,3
1690,False,1,1,0,0.04984690295532346,1,0,2487,3
1691,False,1,1,0,0.05073340598028153,1,0,2487,3
1692,False,1,1,0,0.04990006296429783,1,0,2487,3
1693,False,1,1,0,0.04997810604982078,1,0,2487,3
1694,False,1,1,0,0.050521568977274,1,0,2487,3
1695,False,1,1,0,0.05069784901570529,1,0,2487,3
1696,False,1,1,0,0.05011171707883477,1,0,2487,3
1697,False,1,1,0,0.05044419795740396,1,0,2487,3
1698,False,1,1,0,0.05047654395457357,1,0,2487,3
1699,False,1,1,0,0.04974581394344568,1,0,2487,3
1700,False,1,1,0,0.04967084992676973,1,0,2487,3
1701,False,1,1,0,0.05034588498529047,1,0,2487,3
1702,False,1,1,0,0.049718479975126684,1,0,2487,3
1703,False,1,1,0,0.051137764006853104,1,0,2487,3
1704,False,1,1,0,0.05003734293859452,1,0,2487,3
1705,False,1,1,0,0.05009812000207603,1,0,2487,3
1706,False,1,1,0,0.053801045985892415,1,0,2487,3
1707,False,1,1,0,0.050310663995333016,1,0,2487,3
1708,False,1,1,0,0.050555257010273635,1,0,2487,3
1709,False,1,1,0,0.050218482967466116,1,0,2487,3
1710,False,1,1,0,0.049819267936982214,1,0,2487,3
1711,False,1,1,0,0.04978425404988229,1,0,2487,3
1712,False,1,1,0,0.049709654063917696,1,0,2487,3
1713,False,1,1,0,0.04980357701424509,1,0,2487,3
1714,False,1,1,0,0.050014007021673024,1,0,2487,3
1715,False,1,1,0,0.04980748996604234,1,0,2487,3
1716,False,1,1,0,0.04986462905071676,1,0,2487,3
1717,False,1,1,0,0.0508909149793908,1,0,2487,3
1718,False,1,1,0,0.05067135696299374,1,0,2487,3
1719,False,1,1,0,0.05025154701434076,1,0,2487,3
1720,False,1,1,0,0.050001673051156104,1,0,2487,3
1721,False,1,1,0,0.050110985059291124,1,0,2487,3
1722,False,1,1,0,0.05156354000791907,1,0,2487,3
1723,False,1,1,0,0.05148482997901738,1,0,2487,3
1724,False,1,1,0,0.05081468098796904,1,0,2487,3
1725,False,1,1,0,0.04989588400349021,1,0,2487,3
1726,False,1,1,0,0.05350144498515874,1,0,2487,3
1727,False,1,1,0,0.050171021022833884,1,0,2487,3
1728,False,1,1,0,0.05066215095575899,1,0,2487,3
1729,False,1,1,0,0.05042868503369391,1,0,2487,3
1730,False,1,1,0,0.04992762999609113,1,0,2487,3
1731,False,1,1,0,0.04963112703990191,1,0,2487,3
1732,False,1,1,0,0.05115413700696081,1,0,2487,3
1733,False,1,1,0,0.05064271506853402,1,0,2487,3
1734,False,1,1,0,0.04975147999357432,1,0,2487,3
1735,False,1,1,0,0.050026630982756615,1,0,2487,3
1736,False,1,1,0,0.05042392504401505,1,0,2487,3
1737,False,1,1,0,0.04993903695140034,1,0,2487,3
1738,False,1,1,0,0.050130622927099466,1,0,2487,3
1739,False,1,1,0,0.05003844597376883,1,0,2487,3
1740,False,1,1,0,0.050238246913067997,1,0,2487,3
1741,False,1,1,0,0.04995625396259129,1,0,2487,3
1742,False,1,1,0,0.04993855592329055,1,0,2487,3
1743,False,1,1,0,0.05085958994459361,1,0,2487,3
1744,False,1,1,0,0.05118103895802051,1,0,2487,3
1745,False,1,1,0,0.05078787903767079,1,0,2487,3
1746,False,1,1,0,0.05210560595151037,1,0,2487,3
1747,False,1,1,0,0.05141722201369703,1,0,2487,3
1748,False,1,1,0,0.05013298604171723,1,0,2487,3
1749,False,1,1,0,0.0505749509902671,1,0,2487,3
1750,False,1,1,0,0.05042659805621952,1,0,2487,3
1751,False,1,1,0,0.04986154509242624,1,0,2487,3
1752,False,1,1,0,0.04978900193236768,1,0,2487,3
1753,False,1,1,0,0.0502170289400965,1,0,2487,3
1754,False,1,1,0,0.049694602959789336,1,0,2487,3
1755,False,1,1,0,0.05110603093635291,1,0,2487,3
1756,False,1,1,0,0.04986123798880726,1,0,2487,3
1757,False,1,1,0,0.04956697497982532,1,0,2487,3
1758,False,1,1,0,0.05136140703689307,1,0,2487,3
1759,False,1,1,0,0.05300915299449116,1,0,2487,3
1760,False,1,1,0,0.050769730005413294,1,0,2487,3
1761,False,1,1,0,0.05087064299732447,1,0,2487,3
1762,False,1,1,0,0.05393751198425889,1,0,2487,3
1763,False,1,1,0,0.05208117398433387,1,0,2487,3
1764,False,1,1,0,0.05039722903165966,1,0,2487,3
1765,False,1,1,0,0.05315530800726265,1,0,2487,3
1766,False,1,1,0,0.05378941399976611,1,0,2487,3
1767,False,1,1,0,0.05272688600234687,1,0,2487,3
1768,False,1,1,0,0.050607908982783556,1,0,2487,3
1769,False,1,1,0,0.05034676194190979,1,0,2487,3
1770,False,1,1,0,0.05019164097029716,1,0,2487,3
1771,False,1,1,0,0.04971951001789421,1,0,2487,3
1772,False,1,1,0,0.05018662300426513,1,0,2487,3
1773,False,1,1,0,0.05053117300849408,1,0,2487,3
1774,False,1,1,0,0.05000366596505046,1,0,2487,3
1775,False,1,1,0,0.05237463105004281,1,0,2487,3
1776,False,1,1,0,0.05056330095976591,1,0,2487,3
1777,False,1,1,0,0.05118762992788106,1,0,2487,3
1778,False,1,1,0,0.05008374399039894,1,0,2487,3
1779,False,1,1,0,0.05038537294603884,1,0,2487,3
1780,False,1,1,0,0.050909074023365974,1,0,2487,3
1781,False,1,1,0,0.04967848595697433,1,0,2487,3
1782,False,1,1,0,0.05070214602164924,1,0,2487,3
1783,False,1,1,0,0.05045468406751752,1,0,2487,3
1784,False,1,1,0,0.050277228001505136,1,0,2487,3
1785,False,1,1,0,0.05239447997882962,1,0,2487,3
1786,False,1,1,0,0.05047456396277994,1,0,2487,3
1787,False,1,1,0,0.05247559293638915,1,0,2487,3
1788,False,1,1,0,0.050086154020391405,1,0,2487,3
1789,False,1,1,0,0.05057048099115491,1,0,2487,3
1790,False,1,1,0,0.050132048898376524,1,0,2487,3
1791,False,1,1,0,0.049811500939540565,0,0,2490,0
1792,True,1,512,0,0.048656700062565506,1,0,2488,2
1793,False,1,1,0,0.050361301051452756,1,0,2487,3
1794,False,1,1,0,0.05118404398672283,1,0,2487,3
1795,False,1,1,0,0.05651320901233703,1,0,2487,3
1796,False,1,1,0,0.060832561925053596,1,0,2487,3
1797,False,1,1,0,0.053698144969530404,1,0,2487,3
1798,False,1,1,0,0.05332407902460545,1,0,2487,3
1799,False,1,1,0,0.05045688396785408,1,0,2487,3
1800,False,1,1,0,0.05010701506398618,1,0,2487,3
1801,False,1,1,0,0.0503002880141139,1,0,2487,3
1802,False,1,1,0,0.05032522801775485,1,0,2487,3
1803,False,1,1,0,0.05046546598896384,1,0,2487,3
1804,False,1,1,0,0.05226753395982087,1,0,2487,3
1805,False,1,1,0,0.05206681101117283,1,0,2487,3
1806,False,1,1,0,0.05177864001598209,1,0,2487,3
1807,False,1,1,0,0.05097793007735163,1,0,2487,3
1808,False,1,1,0,0.049586843932047486,1,0,2487,3
1809,False,1,1,0,0.049821259919553995,1,0,2487,3
1810,False,1,1,0,0.04970101802609861,1,0,2487,3
1811,False,1,1,0,0.05083033395931125,1,0,2487,3
1812,False,1,1,0,0.050273187924176455,1,0,2487,3
1813,False,1,1,0,0.04966465604957193,1,0,2487,3
1814,False,1,1,0,0.05022928107064217,1,0,2487,3
1815,False,1,1,0,0.049822758068330586,1,0,2487,3
1816,False,1,1,0,0.04970411490648985,1,0,2487,3
1817,False,1,1,0,0.049840796971693635,1,0,2487,3
1818,False,1,1,0,0.05005365004763007,1,0,2487,3
1819,False,1,1,0,0.04988232196774334,1,0,2487,3
1820,False,1,1,0,0.049587607965804636,1,0,2487,3
1821,False,1,1,0,0.05007180501706898,1,0,2487,3
1822,False,1,1,0,0.05170833703596145,1,0,2487,3
1823,False,1,1,0,0.0500808150973171,1,0,2487,3
1824,False,1,1,0,0.05303857603576034,1,0,2487,3
1825,False,1,1,0,0.05490344110876322,1,0,2487,3
1826,False,1,1,0,0.050848130020312965,1,0,2487,3
1827,False,1,1,0,0.05007930507417768,1,0,2487,3
1828,False,1,1,0,0.05009353905916214,1,0,2487,3
1829,False,1,1,0,0.050497954012826085,1,0,2487,3
1830,False,1,1,0,0.050185572006739676,1,0,2487,3
1831,False,1,1,0,0.05015722196549177,1,0,2487,3
1832,False,1,1,0,0.050149831105954945,1,0,2487,3
1833,False,1,1,0,0.04998639097902924,1,0,2487,3
1834,False,1,1,0,0.05042375798802823,1,0,2487,3
1835,False,1,1,0,0.0502841470297426,1,0,2487,3
1836,False,1,1,0,0.04986591695342213,1,0,2487,3
1837,False,1,1,0,0.05018385197035968,1,0,2487,3
1838,False,1,1,0,0.05158169590868056,1,0,2487,3
1839,False,1,1,0,0.05030527396593243,1,0,2487,3
1840,False,1,1,0,0.04981275997124612,1,0,2487,3
1841,False,1,1,0,0.05071393109392375,1,0,2487,3
1842,False,1,1,0,0.050442102015949786,1,0,2487,3
1843,False,1,1,0,0.05264419491868466,1,0,2487,3
1844,False,1,1,0,0.056382058071903884,1,0,2487,3
1845,False,1,1,0,0.056178073049522936,1,0,2487,3
1846,False,1,1,0,0.054153125965967774,1,0,2487,3
1847,False,1,1,0,0.05296197300776839,1,0,2487,3
1848,False,1,1,0,0.04991676495410502,1,0,2487,3
1849,False,1,1,0,0.05051282700151205,1,0,2487,3
1850,False,1,1,0,0.04996922495774925,1,0,2487,3
1851,False,1,1,0,0.04986010305583477,1,0,2487,3
1852,False,1,1,0,0.049754125997424126,1,0,2487,3
1853,False,1,1,0,0.05025699594989419,1,0,2487,3
1854,False,1,1,0,0.05038055405020714,1,0,2487,3
1855,False,1,1,0,0.04983869707211852,1,0,2487,3
1856,False,1,1,0,0.049823574954643846,1,0,2487,3
1857,False,1,1,0,0.04996863997075707,1,0,2487,3
1858,False,1,1,0,0.04984303400851786,1,0,2487,3
1859,False,1,1,0,0.050204106024466455,1,0,2487,3
1860,False,1,1,0,0.05019168904982507,1,0,2487,3
1861,False,1,1,0,0.05090636108070612,1,0,2487,3
1862,False,1,1,0,0.049847696092911065,1,0,2487,3
1863,False,1,1,0,0.05257325095590204,1,0,2487,3
1864,False,1,1,0,0.054609550978057086,1,0,2487,3
1865,False,1,1,0,0.05339504696894437,1,0,2487,3
1866,False,1,1,0,0.05062185996212065,1,0,2487,3
1867,False,1,1,0,0.050074350903742015,1,0,2487,3
1868,False,1,1,0,0.050548845902085304,1,0,2487,3
1869,False,1,1,0,0.04977966798469424,1,0,2487,3
1870,False,1,1,0,0.05057067098096013,1,0,2487,3
1871,False,1,1,0,0.05021399597171694,1,0,2487,3
1872,False,1,1,0,0.050160860060714185,1,0,2487,3
1873,False,1,1,0,0.05090703803580254,1,0,2487,3
1874,False,1,1,0,0.049773446982726455,1,0,2487,3
1875,False,1,1,0,0.050454227020964026,1,0,2487,3
1876,False,1,1,0,0.04976636706851423,1,0,2487,3
1877,False,1,1,0,0.04986462707165629,1,0,2487,3
1878,False,1,1,0,0.0501034629996866,1,0,2487,3
1879,False,1,1,0,0.049747589975595474,1,0,2487,3
1880,False,1,1,0,0.04980899591464549,1,0,2487,3
1881,False,1,1,0,0.05115834891330451,1,0,2487,3
1882,False,1,1,0,0.04989563301205635,1,0,2487,3
1883,False,1,1,0,0.05321526702027768,1,0,2487,3
1884,False,1,1,0,0.0512691680341959,1,0,2487,3
1885,False,1,1,0,0.053987513994798064,1,0,2487,3
1886,False,1,1,0,0.05046552896965295,1,0,2487,3
1887,False,1,1,0,0.05070511798840016,1,0,2487,3
1888,False,1,1,0,0.05036626197397709,1,0,2487,3
1889,False,1,1,0,0.05061296501662582,1,0,2487,3
1890,False,1,1,0,0.050723046995699406,1,0,2487,3
1891,False,1,1,0,0.051117895054630935,1,0,2487,3
1892,False,1,1,0,0.05013247497845441,1,0,2487,3
1893,False,1,1,0,0.050177688943222165,1,0,2487,3
1894,False,1,1,0,0.049756319960579276,1,0,2487,3
1895,False,1,1,0,0.049740387010388076,1,0,2487,3
1896,False,1,1,0,0.05063161300495267,1,0,2487,3
1897,False,1,1,0,0.0500853699631989,1,0,2487,3
1898,False,1,1,0,0.05024657992180437,1,0,2487,3
1899,False,1,1,0,0.04963793407659978,1,0,2487,3
1900,False,1,1,0,0.050371450022794306,1,0,2487,3
1901,False,1,1,0,0.04967350198421627,1,0,2487,3
1902,False,1,1,0,0.05093455396126956,1,0,2487,3
1903,False,1,1,0,0.05210155691020191,1,0,2487,3
1904,False,1,1,0,0.05017817299813032,1,0,2487,3
1905,False,1,1,0,0.05121973797213286,1,0,2487,3
1906,False,1,1,0,0.05002334795426577,1,0,2487,3
1907,False,1,1,0,0.050383305991999805,1,0,2487,3
1908,False,1,1,0,0.050065290997736156,1,0,2487,3
1909,False,1,1,0,0.05011770408600569,1,0,2487,3
1910,False,1,1,0,0.04980150703340769,1,0,2487,3
1911,False,1,1,0,0.04972477804403752,1,0,2487,3
1912,False,1,1,0,0.049826400936581194,1,0,2487,3
1913,False,1,1,0,0.04994719196110964,1,0,2487,3
1914,False,1,1,0,0.04927949304692447,1,0,2487,3
1915,False,1,1,0,0.04950769094284624,1,0,2487,3
1916,False,1,1,0,0.049764750991016626,1,0,2487,3
1917,False,1,1,0,0.05305368604604155,1,0,2487,3
1918,False,1,1,0,0.0628190659917891,1,0,2487,3
1919,False,1,1,0,0.06674087594728917,0,0,2490,0
1920,True,1,512,0,0.05384756706189364,1,0,2488,2
1921,False,1,1,0,0.05162275896873325,1,0,2487,3
1922,False,1,1,0,0.05516276997514069,1,0,2487,3
1923,False,1,1,0,0.050929351011291146,1,0,2487,3
1924,False,1,1,0,0.0504977279342711,1,0,2487,3
1925,False,1,1,0,0.051225490984506905,1,0,2487,3
1926,False,1,1,0,0.050198644981719553,1,0,2487,3
1927,False,1,1,0,0.052942454000003636,1,0,2487,3
1928,False,1,1,0,0.05772846506442875,1,0,2487,3
1929,False,1,1,0,0.05780295794829726,1,0,2487,3
1930,False,1,1,0,0.05501227802596986,1,0,2487,3
1931,False,1,1,0,0.053243464906699955,1,0,2487,3
1932,False,1,1,0,0.05096471100114286,1,0,2487,3
1933,False,1,1,0,0.05004779505543411,1,0,2487,3
1934,False,1,1,0,0.05078177293762565,1,0,2487,3
1935,False,1,1,0,0.050896973931230605,1,0,2487,3
1936,False,1,1,0,0.05043157399632037,1,0,2487,3
1937,False,1,1,0,0.050582057097926736,1,0,2487,3
1938,False,1,1,0,0.05070465803146362,1,0,2487,3
1939,False,1,1,0,0.05182522896211594,1,0,2487,3
1940,False,1,1,0,0.050565521931275725,1,0,2487,3
1941,False,1,1,0,0.05454381101299077,1,0,2487,3
1942,False,1,1,0,0.051236352999694645,1,0,2487,3
1943,False,1,1,0,0.05063298693858087,1,0,2487,3
1944,False,1,1,0,0.050105772097595036,1,0,2487,3
1945,False,1,1,0,0.05056419700849801,1,0,2487,3
1946,False,1,1,0,0.050148487905971706,1,0,2487,3
1947,False,1,1,0,0.04960731905885041,1,0,2487,3
1948,False,1,1,0,0.049483401933684945,1,0,2487,3
1949,False,1,1,0,0.05217875796370208,1,0,2487,3
1950,False,1,1,0,0.049662102945148945,1,0,2487,3
1951,False,1,1,0,0.04985643899999559,1,0,2487,3
1952,False,1,1,0,0.04996888292953372,1,0,2487,3
1953,False,1,1,0,0.049858156009577215,1,0,2487,3
1954,False,1,1,0,0.04923211399000138,1,0,2487,3
1955,False,1,1,0,0.05012174998410046,1,0,2487,3
1956,False,1,1,0,0.05084243603050709,1,0,2487,3
1957,False,1,1,0,0.04977099096868187,1,0,2487,3
1958,False,1,1,0,0.05064916901756078,1,0,2487,3
1959,False,1,1,0,0.05027652601711452,1,0,2487,3
1960,False,1,1,0,0.049893661052919924,1,0,2487,3
1961,False,1,1,0,0.05411342496518046,1,0,2487,3
1962,False,1,1,0,0.05470302898902446,1,0,2487,3
1963,False,1,1,0,0.052420988911762834,1,0,2487,3
1964,False,1,1,0,0.04997962398920208,1,0,2487,3
1965,False,1,1,0,0.050280213938094676,1,0,2487,3
1966,False,1,1,0,0.04981010500341654,1,0,2487,3
1967,False,1,1,0,0.04937419109046459,1,0,2487,3
1968,False,1,1,0,0.04962964600417763,1,0,2487,3
1969,False,1,1,0,0.04998164298012853,1,0,2487,3
1970,False,1,1,0,0.0497230930486694,1,0,2487,3
1971,False,1,1,0,0.05330397596117109,1,0,2487,3
1972,False,1,1,0,0.04967842099722475,1,0,2487,3
1973,False,1,1,0,0.05002906802110374,1,0,2487,3
1974,False,1,1,0,0.049878926016390324,1,0,2487,3
1975,False,1,1,0,0.04943710507359356,1,0,2487,3
1976,False,1,1,0,0.04963254905305803,1,0,2487,3
1977,False,1,1,0,0.04959813493769616,1,0,2487,3
1978,False,1,1,0,0.05015604093205184,1,0,2487,3
1979,False,1,1,0,0.055167368962429464,1,0,2487,3
1980,False,1,1,0,0.05595762701705098,1,0,2487,3
1981,False,1,1,0,0.05410691897850484,1,0,2487,3
1982,False,1,1,0,0.05146402295213193,1,0,2487,3
1983,False,1,1,0,0.052602372015826404,1,0,2487,3
1984,False,1,1,0,0.04957391996867955,1,0,2487,3
1985,False,1,1,0,0.049423601012676954,1,0,2487,3
1986,False,1,1,0,0.04912301304284483,1,0,2487,3
1987,False,1,1,0,0.04934227606281638,1,0,2487,3
1988,False,1,1,0,0.0495701510226354,1,0,2487,3
1989,False,1,1,0,0.0494617810472846,1,0,2487,3
1990,False,1,1,0,0.05075430602300912,1,0,2487,3
1991,False,1,1,0,0.049965757061727345,1,0,2487,3
1992,False,1,1,0,0.04943040804937482,1,0,2487,3
1993,False,1,1,0,0.04953606799244881,1,0,2487,3
1994,False,1,1,0,0.04984005598817021,1,0,2487,3
1995,False,1,1,0,0.04950272000860423,1,0,2487,3
1996,False,1,1,0,0.049611602909862995,1,0,2487,3
1997,False,1,1,0,0.049745143041945994,1,0,2487,3
1998,False,1,1,0,0.04944716498721391,1,0,2487,3
1999,False,1,1,0,0.05096133297774941,1,0,2487,3
2000,False,1,1,0,0.05200958193745464,1,0,2487,3
2001,False,1,1,0,0.05203310295473784,1,0,2487,3
2002,False,1,1,0,0.050571594038046896,1,0,2487,3
2003,False,1,1,0,0.049595162039622664,1,0,2487,3
2004,False,1,1,0,0.049675827962346375,1,0,2487,3
2005,False,1,1,0,0.04941517603583634,1,0,2487,3
2006,False,1,1,0,0.04969549004454166,1,0,2487,3
2007,False,1,1,0,0.04941853100899607,1,0,2487,3
2008,False,1,1,0,0.05156166001688689,1,0,2487,3
2009,False,1,1,0,0.049652486108243465,1,0,2487,3
2010,False,1,1,0,0.04973181209061295,1,0,2487,3
2011,False,1,1,0,0.04967379500158131,1,0,2487,3
2012,False,1,1,0,0.05287731299176812,1,0,2487,3
2013,False,1,1,0,0.05419903597794473,1,0,2487,3
2014,False,1,1,0,0.05381352303083986,1,0,2487,3
2015,False,1,1,0,0.05194398306775838,1,0,2487,3
2016,False,1,1,0,0.051360788056626916,1,0,2487,3
2017,False,1,1,0,0.04973269905894995,1,0,2487,3
2018,False,1,1,0,0.04961206007283181,1,0,2487,3
2019,False,1,1,0,0.04954943107441068,1,0,2487,3
2020,False,1,1,0,0.05201984604354948,1,0,2487,3
2021,False,1,1,0,0.05298375792335719,1,0,2487,3
2022,False,1,1,0,0.049278227030299604,1,0,2487,3
2023,False,1,1,0,0.05080999794881791,1,0,2487,3
2024,False,1,1,0,0.049972449080087245,1,0,2487,3
2025,False,1,1,0,0.0493620780762285,1,0,2487,3
2026,False,1,1,0,0.04941236798185855,1,0,2487,3
2027,False,1,1,0,0.0495679039740935,1,0,2487,3
2028,False,1,1,0,0.05078599404077977,1,0,2487,3
2029,False,1,1,0,0.04970784892793745,1,0,2487,3
2030,False,1,1,0,0.04935023293364793,1,0,2487,3
2031,False,1,1,0,0.05011840397492051,1,0,2487,3
2032,False,1,1,0,0.049826191971078515,1,0,2487,3
2033,False,1,1,0,0.04992254904936999,1,0,2487,3
2034,False,1,1,0,0.05120106996037066,1,0,2487,3
2035,False,1,1,0,0.049607123946771026,1,0,2487,3
2036,False,1,1,0,0.04951567109674215,1,0,2487,3
2037,False,1,1,0,0.04974429099820554,1,0,2487,3
2038,False,1,1,0,0.050510165048763156,1,0,2487,3
2039,False,1,1,0,0.04951590299606323,1,0,2487,3
2040,False,1,1,0,0.05553512496408075,1,0,2487,3
2041,False,1,1,0,0.061638624989427626,1,0,2487,3
2042,False,1,1,0,0.06990082701668143,1,0,2487,3
2043,False,1,1,0,0.0694111839402467,1,0,2487,3
2044,False,1,1,0,0.05366130103357136,1,0,2487,3
2045,False,1,1,0,0.05329144501592964,1,0,2487,3
2046,False,1,1,0,0.049501921981573105,1,0,2487,3
2047,False,1,1,0,0.04964559990912676,0,0,2490,0
2048,True,1,512,0,0.04720044101122767,1,0,2488,2
2049,False,1,1,0,0.049487278098240495,1,0,2487,3
2050,False,1,1,0,0.04971386899705976,1,0,2487,3
2051,False,1,1,0,0.0495059909299016,1,0,2487,3
2052,False,1,1,0,0.04951474699191749,1,0,2487,3
2053,False,1,1,0,0.04998937202617526,1,0,2487,3
2054,False,1,1,0,0.049648775020614266,1,0,2487,3
2055,False,1,1,0,0.050530104083009064,1,0,2487,3
2056,False,1,1,0,0.049943802994675934,1,0,2487,3
2057,False,1,1,0,0.0497916090535,1,0,2487,3
2058,False,1,1,0,0.05172804894391447,1,0,2487,3
2059,False,1,1,0,0.055360698024742305,1,0,2487,3
2060,False,1,1,0,0.05715557304210961,1,0,2487,3
2061,False,1,1,0,0.052403873996809125,1,0,2487,3
2062,False,1,1,0,0.05010478396434337,1,0,2487,3
2063,False,1,1,0,0.05002025095745921,1,0,2487,3
2064,False,1,1,0,0.05017747392412275,1,0,2487,3
2065,False,1,1,0,0.04979572899173945,1,0,2487,3
2066,False,1,1,0,0.05018102505709976,1,0,2487,3
2067,False,1,1,0,0.04986531799659133,1,0,2487,3
2068,False,1,1,0,0.04965131205972284,1,0,2487,3
2069,False,1,1,0,0.04948107909876853,1,0,2487,3
2070,False,1,1,0,0.04921551200095564,1,0,2487,3
2071,False,1,1,0,0.049848114955239,1,0,2487,3
2072,False,1,1,0,0.050350043922662735,1,0,2487,3
2073,False,1,1,0,0.04984900890849531,1,0,2487,3
2074,False,1,1,0,0.049141634022817016,1,0,2487,3
2075,False,1,1,0,0.04916819406207651,1,0,2487,3
2076,False,1,1,0,0.050295192981138825,1,0,2487,3
2077,False,1,1,0,0.04931364499498159,1,0,2487,3
2078,False,1,1,0,0.04980753397103399,1,0,2487,3
2079,False,1,1,0,0.053771811071783304,1,0,2487,3
2080,False,1,1,0,0.050957028986886144,1,0,2487,3
2081,False,1,1,0,0.05288942507468164,1,0,2487,3
2082,False,1,1,0,0.049620011006481946,1,0,2487,3
2083,False,1,1,0,0.05011085304431617,1,0,2487,3
2084,False,1,1,0,0.04932743008248508,1,0,2487,3
2085,False,1,1,0,0.04934989497996867,1,0,2487,3
2086,False,1,1,0,0.04986314300913364,1,0,2487,3
2087,False,1,1,0,0.05171179200988263,1,0,2487,3
2088,False,1,1,0,0.050802888930775225,1,0,2487,3
2089,False,1,1,0,0.050893914070911705,1,0,2487,3
2090,False,1,1,0,0.049704784993082285,1,0,2487,3
2091,False,1,1,0,0.04977310495451093,1,0,2487,3
2092,False,1,1,0,0.04974654596298933,1,0,2487,3
2093,False,1,1,0,0.05003368703182787,1,0,2487,3
2094,False,1,1,0,0.05407942901365459,1,0,2487,3
2095,False,1,1,0,0.053056490956805646,1,0,2487,3
2096,False,1,1,0,0.05394562298897654,1,0,2487,3
2097,False,1,1,0,0.05497652408666909,1,0,2487,3
2098,False,1,1,0,0.05730053305160254,1,0,2487,3
2099,False,1,1,0,0.053949158056639135,1,0,2487,3
2100,False,1,1,0,0.05449379200581461,1,0,2487,3
2101,False,1,1,0,0.055530054960399866,1,0,2487,3
2102,False,1,1,0,0.053772498038597405,1,0,2487,3
2103,False,1,1,0,0.05541381298098713,1,0,2487,3
2104,False,1,1,0,0.05598701909184456,1,0,2487,3
2105,False,1,1,0,0.059465235099196434,1,0,2487,3
2106,False,1,1,0,0.05389448604546487,1,0,2487,3
2107,False,1,1,0,0.05084559798706323,1,0,2487,3
2108,False,1,1,0,0.05002338998019695,1,0,2487,3
2109,False,1,1,0,0.049930626060813665,1,0,2487,3
2110,False,1,1,0,0.04936787509359419,1,0,2487,3
2111,False,1,1,0,0.049582115025259554,1,0,2487,3
2112,False,1,1,0,0.04975605895742774,1,0,2487,3
2113,False,1,1,0,0.04916131391655654,1,0,2487,3
2114,False,1,1,0,0.04960976692382246,1,0,2487,3
2115,False,1,1,0,0.0496631539426744,1,0,2487,3
2116,False,1,1,0,0.04951252695173025,1,0,2487,3
2117,False,1,1,0,0.05333101097494364,1,0,2487,3
2118,False,1,1,0,0.05288279603701085,1,0,2487,3
2119,False,1,1,0,0.05156468297354877,1,0,2487,3
2120,False,1,1,0,0.050097508006729186,1,0,2487,3
2121,False,1,1,0,0.051922647980973125,1,0,2487,3
2122,False,1,1,0,0.05027262703515589,1,0,2487,3
2123,False,1,1,0,0.05142932804301381,1,0,2487,3
2124,False,1,1,0,0.05157238198444247,1,0,2487,3
2125,False,1,1,0,0.052396691986359656,1,0,2487,3
2126,False,1,1,0,0.04994090797845274,1,0,2487,3
2127,False,1,1,0,0.05069474992342293,1,0,2487,3
2128,False,1,1,0,0.04977579694241285,1,0,2487,3
2129,False,1,1,0,0.049463309929706156,1,0,2487,3
2130,False,1,1,0,0.04931795003358275,1,0,2487,3
2131,False,1,1,0,0.04975714103784412,1,0,2487,3
2132,False,1,1,0,0.04960333101917058,1,0,2487,3
2133,False,1,1,0,0.050397051963955164,1,0,2487,3
2134,False,1,1,0,0.05173406098037958,1,0,2487,3
2135,False,1,1,0,0.0503129520220682,1,0,2487,3
2136,False,1,1,0,0.05069719103630632,1,0,2487,3
2137,False,1,1,0,0.05067706003319472,1,0,2487,3
2138,False,1,1,0,0.053321783896535635,1,0,2487,3
2139,False,1,1,0,0.050969672040082514,1,0,2487,3
2140,False,1,1,0,0.05055063799954951,1,0,2487,3
2141,False,1,1,0,0.051898459903895855,1,0,2487,3
2142,False,1,1,0,0.050408679991960526,1,0,2487,3
2143,False,1,1,0,0.051308535039424896,1,0,2487,3
2144,False,1,1,0,0.05129206599667668,1,0,2487,3
2145,False,1,1,0,0.05066749406978488,1,0,2487,3
2146,False,1,1,0,0.05004774103872478,1,0,2487,3
2147,False,1,1,0,0.05039970902726054,1,0,2487,3
2148,False,1,1,0,0.04987623100169003,1,0,2487,3
2149,False,1,1,0,0.051033410942181945,1,0,2487,3
2150,False,1,1,0,0.05045008007436991,1,0,2487,3
2151,False,1,1,0,0.05088093504309654,1,0,2487,3
2152,False,1,1,0,0.049907851964235306,1,0,2487,3
2153,False,1,1,0,0.051264876034110785,1,0,2487,3
2154,False,1,1,0,0.05365134193561971,1,0,2487,3
2155,False,1,1,0,0.052744426066055894,1,0,2487,3
2156,False,1,1,0,0.05138148705009371,1,0,2487,3
2157,False,1,1,0,0.05520746309775859,1,0,2487,3
2158,False,1,1,0,0.05616070597898215,1,0,2487,3
2159,False,1,1,0,0.05212888494133949,1,0,2487,3
2160,False,1,1,0,0.05199007596820593,1,0,2487,3
2161,False,1,1,0,0.05047891603317112,1,0,2487,3
2162,False,1,1,0,0.05077005201019347,1,0,2487,3
2163,False,1,1,0,0.05365674302447587,1,0,2487,3
2164,False,1,1,0,0.06338255701120943,1,0,2487,3
2165,False,1,1,0,0.06589676602743566,1,0,2487,3
2166,False,1,1,0,0.058083027019165456,1,0,2487,3
2167,False,1,1,0,0.052287516999058425,1,0,2487,3
2168,False,1,1,0,0.0503124319948256,1,0,2487,3
2169,False,1,1,0,0.049846201902255416,1,0,2487,3
2170,False,1,1,0,0.049689176958054304,1,0,2487,3
2171,False,1,1,0,0.05006360705010593,1,0,2487,3
2172,False,1,1,0,0.050298827001824975,1,0,2487,3
2173,False,1,1,0,0.04966803302522749,1,0,2487,3
2174,False,1,1,0,0.050314794993028045,1,0,2487,3
2175,False,1,1,0,0.05346616101451218,0,0,2490,0
2176,True,1,512,0,0.049961949000135064,1,0,2488,2
2177,False,1,1,0,0.056902104057371616,1,0,2487,3
2178,False,1,1,0,0.05113803502172232,1,0,2487,3
2179,False,1,1,0,0.05037746811285615,1,0,2487,3
2180,False,1,1,0,0.05057207297068089,1,0,2487,3
2181,False,1,1,0,0.04989577294327319,1,0,2487,3
2182,False,1,1,0,0.049762954004108906,1,0,2487,3
2183,False,1,1,0,0.04983534594066441,1,0,2487,3
2184,False,1,1,0,0.05028231395408511,1,0,2487,3
2185,False,1,1,0,0.051022354047745466,1,0,2487,3
2186,False,1,1,0,0.050177038996480405,1,0,2487,3
2187,False,1,1,0,0.054467212059535086,1,0,2487,3
2188,False,1,1,0,0.058360030059702694,1,0,2487,3
2189,False,1,1,0,0.057406943989917636,1,0,2487,3
2190,False,1,1,0,0.054237090051174164,1,0,2487,3
2191,False,1,1,0,0.05271100008394569,1,0,2487,3
2192,False,1,1,0,0.05146962299477309,1,0,2487,3
2193,False,1,1,0,0.051133129047229886,1,0,2487,3
2194,False,1,1,0,0.05352780898101628,1,0,2487,3
2195,False,1,1,0,0.053324760985560715,1,0,2487,3
2196,False,1,1,0,0.051158209913410246,1,0,2487,3
2197,False,1,1,0,0.051305355969816446,1,0,2487,3
2198,False,1,1,0,0.049482312984764576,1,0,2487,3
2199,False,1,1,0,0.05008528498001397,1,0,2487,3
2200,False,1,1,0,0.049604170955717564,1,0,2487,3
2201,False,1,1,0,0.05156551406253129,1,0,2487,3
2202,False,1,1,0,0.051135292975232005,1,0,2487,3
2203,False,1,1,0,0.04998827795498073,1,0,2487,3
2204,False,1,1,0,0.050206293002702296,1,0,2487,3
2205,False,1,1,0,0.05044916598126292,1,0,2487,3
2206,False,1,1,0,0.049915818963199854,1,0,2487,3
2207,False,1,1,0,0.05001285905018449,1,0,2487,3
2208,False,1,1,0,0.050071103032678366,1,0,2487,3
2209,False,1,1,0,0.050113788922317326,1,0,2487,3
2210,False,1,1,0,0.04971788404509425,1,0,2487,3
2211,False,1,1,0,0.05017951596528292,1,0,2487,3
2212,False,1,1,0,0.05012392799835652,1,0,2487,3
2213,False,1,1,0,0.05102638294920325,1,0,2487,3
2214,False,1,1,0,0.05599158606491983,1,0,2487,3
2215,False,1,1,0,0.0512329920893535,1,0,2487,3
2216,False,1,1,0,0.05092718999367207,1,0,2487,3
2217,False,1,1,0,0.050495171919465065,1,0,2487,3
2218,False,1,1,0,0.0504161809803918,1,0,2487,3
2219,False,1,1,0,0.04964686103630811,1,0,2487,3
2220,False,1,1,0,0.05007584800478071,1,0,2487,3
2221,False,1,1,0,0.05164674494881183,1,0,2487,3
2222,False,1,1,0,0.051098254043608904,1,0,2487,3
2223,False,1,1,0,0.05034512502606958,1,0,2487,3
2224,False,1,1,0,0.05244280397891998,1,0,2487,3
2225,False,1,1,0,0.04964485194068402,1,0,2487,3
2226,False,1,1,0,0.05014473095070571,1,0,2487,3
2227,False,1,1,0,0.05053621402475983,1,0,2487,3
2228,False,1,1,0,0.051037095952779055,1,0,2487,3
2229,False,1,1,0,0.050559746101498604,1,0,2487,3
2230,False,1,1,0,0.049876987002789974,1,0,2487,3
2231,False,1,1,0,0.05015614302828908,1,0,2487,3
2232,False,1,1,0,0.04999947396572679,1,0,2487,3
2233,False,1,1,0,0.050748281995765865,1,0,2487,3
2234,False,1,1,0,0.05228311801329255,1,0,2487,3
2235,False,1,1,0,0.05276075401343405,1,0,2487,3
2236,False,1,1,0,0.050513432011939585,1,0,2487,3
2237,False,1,1,0,0.050299445050768554,1,0,2487,3
2238,False,1,1,0,0.05088272294960916,1,0,2487,3
2239,False,1,1,0,0.04983408993575722,1,0,2487,3
2240,False,1,1,0,0.04952661693096161,1,0,2487,3
2241,False,1,1,0,0.05078361998312175,1,0,2487,3
2242,False,1,1,0,0.050163190928287804,1,0,2487,3
2243,False,1,1,0,0.05123313795775175,1,0,2487,3
2244,False,1,1,0,0.05171062995214015,1,0,2487,3
2245,False,1,1,0,0.05273301794659346,1,0,2487,3
2246,False,1,1,0,0.05058806296437979,1,0,2487,3
2247,False,1,1,0,0.050147993955761194,1,0,2487,3
2248,False,1,1,0,0.05086269311141223,1,0,2487,3
2249,False,1,1,0,0.05055081192404032,1,0,2487,3
2250,False,1,1,0,0.05040769395418465,1,0,2487,3
2251,False,1,1,0,0.05108671309426427,1,0,2487,3
2252,False,1,1,0,0.050267013953998685,1,0,2487,3
2253,False,1,1,0,0.05176879302598536,1,0,2487,3
2254,False,1,1,0,0.05379312497097999,1,0,2487,3
2255,False,1,1,0,0.05359778006095439,1,0,2487,3
2256,False,1,1,0,0.05336297699250281,1,0,2487,3
2257,False,1,1,0,0.0506658999947831,1,0,2487,3
2258,False,1,1,0,0.05097103293519467,1,0,2487,3
2259,False,1,1,0,0.050356384948827326,1,0,2487,3
2260,False,1,1,0,0.05018099397420883,1,0,2487,3
2261,False,1,1,0,0.05197466001845896,1,0,2487,3
2262,False,1,1,0,0.04997543292120099,1,0,2487,3
2263,False,1,1,0,0.050219886004924774,1,0,2487,3
2264,False,1,1,0,0.054595152963884175,1,0,2487,3
2265,False,1,1,0,0.05213657591957599,1,0,2487,3
2266,False,1,1,0,0.04984395205974579,1,0,2487,3
2267,False,1,1,0,0.04965904506389052,1,0,2487,3
2268,False,1,1,0,0.04979356296826154,1,0,2487,3
2269,False,1,1,0,0.0499035530956462,1,0,2487,3
2270,False,1,1,0,0.050141526968218386,1,0,2487,3
2271,False,1,1,0,0.052494041970930994,1,0,2487,3
2272,False,1,1,0,0.0533728200243786,1,0,2487,3
2273,False,1,1,0,0.05922737601213157,1,0,2487,3
2274,False,1,1,0,0.056493595940992236,1,0,2487,3
2275,False,1,1,0,0.05490475206170231,1,0,2487,3
2276,False,1,1,0,0.05127971200272441,1,0,2487,3
2277,False,1,1,0,0.051146569079719484,1,0,2487,3
2278,False,1,1,0,0.049766651005484164,1,0,2487,3
2279,False,1,1,0,0.04998865199740976,1,0,2487,3
2280,False,1,1,0,0.049700652016326785,1,0,2487,3
2281,False,1,1,0,0.04992081597447395,1,0,2487,3
2282,False,1,1,0,0.04994833597447723,1,0,2487,3
2283,False,1,1,0,0.052686947979964316,1,0,2487,3
2284,False,1,1,0,0.049582947976887226,1,0,2487,3
2285,False,1,1,0,0.05253224493935704,1,0,2487,3
2286,False,1,1,0,0.06019278604071587,1,0,2487,3
2287,False,1,1,0,0.06196597497910261,1,0,2487,3
2288,False,1,1,0,0.05911556305363774,1,0,2487,3
2289,False,1,1,0,0.05489550402853638,1,0,2487,3
2290,False,1,1,0,0.054476983030326664,1,0,2487,3
2291,False,1,1,0,0.05093125801067799,1,0,2487,3
2292,False,1,1,0,0.05318933504167944,1,0,2487,3
2293,False,1,1,0,0.05094235192518681,1,0,2487,3
2294,False,1,1,0,0.04994884005282074,1,0,2487,3
2295,False,1,1,0,0.04956094699446112,1,0,2487,3
2296,False,1,1,0,0.050305088981986046,1,0,2487,3
2297,False,1,1,0,0.04933350801002234,1,0,2487,3
2298,False,1,1,0,0.04953238693997264,1,0,2487,3
2299,False,1,1,0,0.049508266034536064,1,0,2487,3
2300,False,1,1,0,0.0495319269830361,1,0,2487,3
2301,False,1,1,0,0.04970311198849231,1,0,2487,3
2302,False,1,1,0,0.049806297989562154,1,0,2487,3
2303,False,1,1,0,0.05038767401129007,0,0,2490,0
2304,True,1,512,0,0.047769182943739,1,0,2488,2
2305,False,1,1,0,0.049468974000774324,1,0,2487,3
2306,False,1,1,0,0.049460725975222886,1,0,2487,3
2307,False,1,1,0,0.04937499202787876,1,0,2487,3
2308,False,1,1,0,0.04993135202676058,1,0,2487,3
2309,False,1,1,0,0.050284639932215214,1,0,2487,3
2310,False,1,1,0,0.04964751400984824,1,0,2487,3
2311,False,1,1,0,0.049969053943641484,1,0,2487,3
2312,False,1,1,0,0.05293267499655485,1,0,2487,3
2313,False,1,1,0,0.05013035191223025,1,0,2487,3
2314,False,1,1,0,0.05037512397393584,1,0,2487,3
2315,False,1,1,0,0.04930473095737398,1,0,2487,3
2316,False,1,1,0,0.05043357203248888,1,0,2487,3
2317,False,1,1,0,0.04949808504898101,1,0,2487,3
2318,False,1,1,0,0.0495158169651404,1,0,2487,3
2319,False,1,1,0,0.0494519789936021,1,0,2487,3
2320,False,1,1,0,0.04955606197472662,1,0,2487,3
2321,False,1,1,0,0.04982475796714425,1,0,2487,3
2322,False,1,1,0,0.049946938059292734,1,0,2487,3
2323,False,1,1,0,0.04928859195206314,1,0,2487,3
2324,False,1,1,0,0.04934643500018865,1,0,2487,3
2325,False,1,1,0,0.04954002902377397,1,0,2487,3
2326,False,1,1,0,0.049408897990360856,1,0,2487,3
2327,False,1,1,0,0.04907997092232108,1,0,2487,3
2328,False,1,1,0,0.04949731007218361,1,0,2487,3
2329,False,1,1,0,0.04924502002540976,1,0,2487,3
2330,False,1,1,0,0.04995971103198826,1,0,2487,3
2331,False,1,1,0,0.05101021204609424,1,0,2487,3
2332,False,1,1,0,0.05197922594379634,1,0,2487,3
2333,False,1,1,0,0.05006088002119213,1,0,2487,3
2334,False,1,1,0,0.04934018198400736,1,0,2487,3
2335,False,1,1,0,0.049480214016512036,1,0,2487,3
2336,False,1,1,0,0.05010024691000581,1,0,2487,3
2337,False,1,1,0,0.04918473109137267,1,0,2487,3
2338,False,1,1,0,0.04948219005018473,1,0,2487,3
2339,False,1,1,0,0.04924724798183888,1,0,2487,3
2340,False,1,1,0,0.0492007399443537,1,0,2487,3
2341,False,1,1,0,0.04952615196816623,1,0,2487,3
2342,False,1,1,0,0.04966874897945672,1,0,2487,3
2343,False,1,1,0,0.05213123606517911,1,0,2487,3
2344,False,1,1,0,0.04939616902265698,1,0,2487,3
2345,False,1,1,0,0.050138250924646854,1,0,2487,3
2346,False,1,1,0,0.049790974939242005,1,0,2487,3
2347,False,1,1,0,0.04920839401893318,1,0,2487,3
2348,False,1,1,0,0.049324156949296594,1,0,2487,3
2349,False,1,1,0,0.04935553600080311,1,0,2487,3
2350,False,1,1,0,0.04942319402471185,1,0,2487,3
2351,False,1,1,0,0.05046644003596157,1,0,2487,3
2352,False,1,1,0,0.051652672002092004,1,0,2487,3
2353,False,1,1,0,0.05583158996887505,1,0,2487,3
2354,False,1,1,0,0.051303109037689865,1,0,2487,3
2355,False,1,1,0,0.04954290599562228,1,0,2487,3
2356,False,1,1,0,0.04979836393613368,1,0,2487,3
2357,False,1,1,0,0.05131099501159042,1,0,2487,3
2358,False,1,1,0,0.05272170400712639,1,0,2487,3
2359,False,1,1,0,0.05324660299811512,1,0,2487,3
2360,False,1,1,0,0.051871074945665896,1,0,2487,3
2361,False,1,1,0,0.053345574997365475,1,0,2487,3
2362,False,1,1,0,0.05077689199242741,1,0,2487,3
2363,False,1,1,0,0.04993264505174011,1,0,2487,3
2364,False,1,1,0,0.049788334988988936,1,0,2487,3
2365,False,1,1,0,0.05001839203760028,1,0,2487,3
2366,False,1,1,0,0.04962644097395241,1,0,2487,3
2367,False,1,1,0,0.04940035892650485,1,0,2487,3
2368,False,1,1,0,0.04952503100503236,1,0,2487,3
2369,False,1,1,0,0.05051181302405894,1,0,2487,3
2370,False,1,1,0,0.04988457798026502,1,0,2487,3
2371,False,1,1,0,0.051664163009263575,1,0,2487,3
2372,False,1,1,0,0.051050367997959256,1,0,2487,3
2373,False,1,1,0,0.05395878502167761,1,0,2487,3
2374,False,1,1,0,0.05061094101984054,1,0,2487,3
2375,False,1,1,0,0.049602931016124785,1,0,2487,3
2376,False,1,1,0,0.04956172592937946,1,0,2487,3
2377,False,1,1,0,0.04981327406130731,1,0,2487,3
2378,False,1,1,0,0.050009732018224895,1,0,2487,3
2379,False,1,1,0,0.0495306960074231,1,0,2487,3
2380,False,1,1,0,0.04961818200536072,1,0,2487,3
2381,False,1,1,0,0.04997260996606201,1,0,2487,3
2382,False,1,1,0,0.05008181999437511,1,0,2487,3
2383,False,1,1,0,0.04966280097141862,1,0,2487,3
2384,False,1,1,0,0.049359910073690116,1,0,2487,3
2385,False,1,1,0,0.049938431940972805,1,0,2487,3
2386,False,1,1,0,0.04964061104692519,1,0,2487,3
2387,False,1,1,0,0.0494064959930256,1,0,2487,3
2388,False,1,1,0,0.04951555700972676,1,0,2487,3
2389,False,1,1,0,0.04970653506461531,1,0,2487,3
2390,False,1,1,0,0.05104358890093863,1,0,2487,3
2391,False,1,1,0,0.0513788879616186,1,0,2487,3
2392,False,1,1,0,0.05290353298187256,1,0,2487,3
2393,False,1,1,0,0.049749202094972134,1,0,2487,3
2394,False,1,1,0,0.051005020970478654,1,0,2487,3
2395,False,1,1,0,0.04980649799108505,1,0,2487,3
2396,False,1,1,0,0.04945010505616665,1,0,2487,3
2397,False,1,1,0,0.04933472501579672,1,0,2487,3
2398,False,1,1,0,0.04989737400319427,1,0,2487,3
2399,False,1,1,0,0.04943813499994576,1,0,2487,3
2400,False,1,1,0,0.04930956498719752,1,0,2487,3
2401,False,1,1,0,0.0497399769956246,1,0,2487,3
2402,False,1,1,0,0.05077934404835105,1,0,2487,3
2403,False,1,1,0,0.04944169195368886,1,0,2487,3
2404,False,1,1,0,0.04970499000046402,1,0,2487,3
2405,False,1,1,0,0.04964892193675041,1,0,2487,3
2406,False,1,1,0,0.04959817009512335,1,0,2487,3
2407,False,1,1,0,0.04930554307065904,1,0,2487,3
2408,False,1,1,0,0.04986129398457706,1,0,2487,3
2409,False,1,1,0,0.049595306045375764,1,0,2487,3
2410,False,1,1,0,0.05156347597949207,1,0,2487,3
2411,False,1,1,0,0.05859941802918911,1,0,2487,3
2412,False,1,1,0,0.06101995497010648,1,0,2487,3
2413,False,1,1,0,0.053671119967475533,1,0,2487,3
2414,False,1,1,0,0.05147394898813218,1,0,2487,3
2415,False,1,1,0,0.04999527893960476,1,0,2487,3
2416,False,1,1,0,0.04984074493404478,1,0,2487,3
2417,False,1,1,0,0.04997993295546621,1,0,2487,3
2418,False,1,1,0,0.049946081009693444,1,0,2487,3
2419,False,1,1,0,0.049701352952979505,1,0,2487,3
2420,False,1,1,0,0.04957709403242916,1,0,2487,3
2421,False,1,1,0,0.04954691999591887,1,0,2487,3
2422,False,1,1,0,0.051163729978725314,1,0,2487,3
2423,False,1,1,0,0.04991611302830279,1,0,2487,3
2424,False,1,1,0,0.05132984300144017,1,0,2487,3
2425,False,1,1,0,0.05021900904830545,1,0,2487,3
2426,False,1,1,0,0.04957687691785395,1,0,2487,3
2427,False,1,1,0,0.04971758299507201,1,0,2487,3
2428,False,1,1,0,0.04992477991618216,1,0,2487,3
2429,False,1,1,0,0.05068617395590991,1,0,2487,3
2430,False,1,1,0,0.05196031695231795,1,0,2487,3
2431,False,1,1,0,0.05174842895939946,0,0,2490,0
2432,True,1,512,0,0.04789863096084446,1,0,2488,2
2433,False,1,1,0,0.050016570021398365,1,0,2487,3
2434,False,1,1,0,0.05094886105507612,1,0,2487,3
2435,False,1,1,0,0.049954960006289184,1,0,2487,3
2436,False,1,1,0,0.049423594027757645,1,0,2487,3
2437,False,1,1,0,0.049916019081138074,1,0,2487,3
2438,False,1,1,0,0.04993674997240305,1,0,2487,3
2439,False,1,1,0,0.05060312105342746,1,0,2487,3
2440,False,1,1,0,0.050150474067777395,1,0,2487,3
2441,False,1,1,0,0.04989562905393541,1,0,2487,3
2442,False,1,1,0,0.05063270009122789,1,0,2487,3
2443,False,1,1,0,0.05571711505763233,1,0,2487,3
2444,False,1,1,0,0.05949155904818326,1,0,2487,3
2445,False,1,1,0,0.060866839019581676,1,0,2487,3
2446,False,1,1,0,0.05434437596704811,1,0,2487,3
2447,False,1,1,0,0.05291191709693521,1,0,2487,3
2448,False,1,1,0,0.0498417520429939,1,0,2487,3
2449,False,1,1,0,0.05098053498659283,1,0,2487,3
2450,False,1,1,0,0.053938347031362355,1,0,2487,3
2451,False,1,1,0,0.05274354701396078,1,0,2487,3
2452,False,1,1,0,0.05216722295153886,1,0,2487,3
2453,False,1,1,0,0.0499990179669112,1,0,2487,3
2454,False,1,1,0,0.05028470093384385,1,0,2487,3
2455,False,1,1,0,0.04954946495126933,1,0,2487,3
2456,False,1,1,0,0.04968668601941317,1,0,2487,3
2457,False,1,1,0,0.04974088608287275,1,0,2487,3
2458,False,1,1,0,0.04964715498499572,1,0,2487,3
2459,False,1,1,0,0.049681782023981214,1,0,2487,3
2460,False,1,1,0,0.049639253062196076,1,0,2487,3
2461,False,1,1,0,0.049627751926891506,1,0,2487,3
2462,False,1,1,0,0.04999070102348924,1,0,2487,3
2463,False,1,1,0,0.050035546999424696,1,0,2487,3
2464,False,1,1,0,0.04971279203891754,1,0,2487,3
2465,False,1,1,0,0.04949958703946322,1,0,2487,3
2466,False,1,1,0,0.049708320992067456,1,0,2487,3
2467,False,1,1,0,0.049710412975400686,1,0,2487,3
2468,False,1,1,0,0.04965871409513056,1,0,2487,3
2469,False,1,1,0,0.049974151072092354,1,0,2487,3
2470,False,1,1,0,0.05240241391584277,1,0,2487,3
2471,False,1,1,0,0.051775972940959036,1,0,2487,3
2472,False,1,1,0,0.05211245303507894,1,0,2487,3
2473,False,1,1,0,0.049900530022569,1,0,2487,3
2474,False,1,1,0,0.04989309806842357,1,0,2487,3
2475,False,1,1,0,0.04946943500544876,1,0,2487,3
2476,False,1,1,0,0.04979391803499311,1,0,2487,3
2477,False,1,1,0,0.0496299690566957,1,0,2487,3
2478,False,1,1,0,0.049922390026040375,1,0,2487,3
2479,False,1,1,0,0.04998407501261681,1,0,2487,3
2480,False,1,1,0,0.04957949696108699,1,0,2487,3
2481,False,1,1,0,0.05137429991737008,1,0,2487,3
2482,False,1,1,0,0.049781944951973855,1,0,2487,3
2483,False,1,1,0,0.049849428003653884,1,0,2487,3
2484,False,1,1,0,0.05040875799022615,1,0,2487,3
2485,False,1,1,0,0.05061754700727761,1,0,2487,3
2486,False,1,1,0,0.049894174095243216,1,0,2487,3
2487,False,1,1,0,0.050207555992528796,1,0,2487,3
2488,False,1,1,0,0.05066010798327625,1,0,2487,3
2489,False,1,1,0,0.050884003983810544,1,0,2487,3
2490,False,1,1,0,0.05275380902457982,1,0,2487,3
2491,False,1,1,0,0.05030811997130513,1,0,2487,3
2492,False,1,1,0,0.05009883700404316,1,0,2487,3
2493,False,1,1,0,0.049799971049651504,1,0,2487,3
2494,False,1,1,0,0.05033859296236187,1,0,2487,3
2495,False,1,1,0,0.049563977983780205,1,0,2487,3
2496,False,1,1,0,0.049672559020109475,1,0,2487,3
2497,False,1,1,0,0.04990889399778098,1,0,2487,3
2498,False,1,1,0,0.04955337301362306,1,0,2487,3
2499,False,1,1,0,0.04967247706372291,1,0,2487,3
2500,False,1,1,0,0.04975254298187792,1,0,2487,3
2501,False,1,1,0,0.049986744998022914,1,0,2487,3
2502,False,1,1,0,0.049662545090541244,1,0,2487,3
2503,False,1,1,0,0.04989267198834568,1,0,2487,3
2504,False,1,1,0,0.049971853964962065,1,0,2487,3
2505,False,1,1,0,0.049445852055214345,1,0,2487,3
2506,False,1,1,0,0.049662614008411765,1,0,2487,3
2507,False,1,1,0,0.049799642991274595,1,0,2487,3
2508,False,1,1,0,0.05029647599440068,1,0,2487,3
2509,False,1,1,0,0.05023119691759348,1,0,2487,3
2510,False,1,1,0,0.05192727700341493,1,0,2487,3
2511,False,1,1,0,0.04966444009914994,1,0,2487,3
2512,False,1,1,0,0.05100215203128755,1,0,2487,3
2513,False,1,1,0,0.05025470396503806,1,0,2487,3
2514,False,1,1,0,0.05042325996328145,1,0,2487,3
2515,False,1,1,0,0.049601137987338006,1,0,2487,3
2516,False,1,1,0,0.04952352889813483,1,0,2487,3
2517,False,1,1,0,0.04986324196215719,1,0,2487,3
2518,False,1,1,0,0.04969850601628423,1,0,2487,3
2519,False,1,1,0,0.04954325605649501,1,0,2487,3
2520,False,1,1,0,0.04943275800906122,1,0,2487,3
2521,False,1,1,0,0.04934122308623046,1,0,2487,3
2522,False,1,1,0,0.049293152056634426,1,0,2487,3
2523,False,1,1,0,0.049440905917435884,1,0,2487,3
2524,False,1,1,0,0.04986729903612286,1,0,2487,3
2525,False,1,1,0,0.049525095033459365,1,0,2487,3
2526,False,1,1,0,0.04986703593749553,1,0,2487,3
2527,False,1,1,0,0.050547256018035114,1,0,2487,3
2528,False,1,1,0,0.04934852407313883,1,0,2487,3
2529,False,1,1,0,0.054592526983469725,1,0,2487,3
2530,False,1,1,0,0.05911305104382336,1,0,2487,3
2531,False,1,1,0,0.05734366795513779,1,0,2487,3
2532,False,1,1,0,0.05357859702780843,1,0,2487,3
2533,False,1,1,0,0.05648694303818047,1,0,2487,3
2534,False,1,1,0,0.0630670340033248,1,0,2487,3
2535,False,1,1,0,0.062276437995024025,1,0,2487,3
2536,False,1,1,0,0.05764253006782383,1,0,2487,3
2537,False,1,1,0,0.051288065034896135,1,0,2487,3
2538,False,1,1,0,0.05039868596941233,1,0,2487,3
2539,False,1,1,0,0.04932320490479469,1,0,2487,3
2540,False,1,1,0,0.051853584009222686,1,0,2487,3
2541,False,1,1,0,0.049242715002037585,1,0,2487,3
2542,False,1,1,0,0.04946145694702864,1,0,2487,3
2543,False,1,1,0,0.04941885103471577,1,0,2487,3
2544,False,1,1,0,0.049247086979448795,1,0,2487,3
2545,False,1,1,0,0.04943618597462773,1,0,2487,3
2546,False,1,1,0,0.05023613292723894,1,0,2487,3
2547,False,1,1,0,0.05049290100578219,1,0,2487,3
2548,False,1,1,0,0.05162354197818786,1,0,2487,3
2549,False,1,1,0,0.05439724598545581,1,0,2487,3
2550,False,1,1,0,0.0538919250248,1,0,2487,3
2551,False,1,1,0,0.05019285494927317,1,0,2487,3
2552,False,1,1,0,0.0495384749956429,1,0,2487,3
2553,False,1,1,0,0.04967101407237351,1,0,2487,3
2554,False,1,1,0,0.04952405905351043,1,0,2487,3
2555,False,1,1,0,0.04968878603540361,1,0,2487,3
2556,False,1,1,0,0.04970109509304166,1,0,2487,3
2557,False,1,1,0,0.04932287102565169,1,0,2487,3
2558,False,1,1,0,0.05153966706711799,1,0,2487,3
2559,False,1,1,0,0.050248146057128906,0,0,2490,0
2560,True,1,512,0,0.04785917396657169,1,0,2488,2
2561,False,1,1,0,0.049426038982346654,1,0,2487,3
2562,False,1,1,0,0.05001685302704573,1,0,2487,3
2563,False,1,1,0,0.04968401696532965,1,0,2487,3
2564,False,1,1,0,0.04965517297387123,1,0,2487,3
2565,False,1,1,0,0.049380955984815955,1,0,2487,3
2566,False,1,1,0,0.04936947696842253,1,0,2487,3
2567,False,1,1,0,0.05011033092159778,1,0,2487,3
2568,False,1,1,0,0.05142900999635458,1,0,2487,3
2569,False,1,1,0,0.05094243900384754,1,0,2487,3
2570,False,1,1,0,0.05157192295882851,1,0,2487,3
2571,False,1,1,0,0.051033979980275035,1,0,2487,3
2572,False,1,1,0,0.050149200949817896,1,0,2487,3
2573,False,1,1,0,0.04995933792088181,1,0,2487,3
2574,False,1,1,0,0.049377116025425494,1,0,2487,3
2575,False,1,1,0,0.0494007240049541,1,0,2487,3
2576,False,1,1,0,0.049643834005109966,1,0,2487,3
2577,False,1,1,0,0.04959853400941938,1,0,2487,3
2578,False,1,1,0,0.049933915957808495,1,0,2487,3
2579,False,1,1,0,0.04962448694277555,1,0,2487,3
2580,False,1,1,0,0.049738012021407485,1,0,2487,3
2581,False,1,1,0,0.04914866003673524,1,0,2487,3
2582,False,1,1,0,0.049948325962759554,1,0,2487,3
2583,False,1,1,0,0.049910426954738796,1,0,2487,3
2584,False,1,1,0,0.04945470904931426,1,0,2487,3
2585,False,1,1,0,0.049888196983374655,1,0,2487,3
2586,False,1,1,0,0.05062532797455788,1,0,2487,3
2587,False,1,1,0,0.0495480690151453,1,0,2487,3
2588,False,1,1,0,0.05187156796455383,1,0,2487,3
2589,False,1,1,0,0.05012185999657959,1,0,2487,3
2590,False,1,1,0,0.05044032004661858,1,0,2487,3
2591,False,1,1,0,0.05114859901368618,1,0,2487,3
2592,False,1,1,0,0.049720586044713855,1,0,2487,3
2593,False,1,1,0,0.04990855499636382,1,0,2487,3
2594,False,1,1,0,0.049170318990945816,1,0,2487,3
2595,False,1,1,0,0.049623399041593075,1,0,2487,3
2596,False,1,1,0,0.04945843399036676,1,0,2487,3
2597,False,1,1,0,0.049274340039119124,1,0,2487,3
2598,False,1,1,0,0.049234275007620454,1,0,2487,3
2599,False,1,1,0,0.04921410197857767,1,0,2487,3
2600,False,1,1,0,0.05099489807616919,1,0,2487,3
2601,False,1,1,0,0.04931438807398081,1,0,2487,3
2602,False,1,1,0,0.04979506100062281,1,0,2487,3
2603,False,1,1,0,0.04968922107946128,1,0,2487,3
2604,False,1,1,0,0.049662707024253905,1,0,2487,3
2605,False,1,1,0,0.04974892397876829,1,0,2487,3
2606,False,1,1,0,0.050164937041699886,1,0,2487,3
2607,False,1,1,0,0.04969413799699396,1,0,2487,3
2608,False,1,1,0,0.05313039000611752,1,0,2487,3
2609,False,1,1,0,0.051141337025910616,1,0,2487,3
2610,False,1,1,0,0.04952381202019751,1,0,2487,3
2611,False,1,1,0,0.049318598001264036,1,0,2487,3
2612,False,1,1,0,0.05015853594522923,1,0,2487,3
2613,False,1,1,0,0.04999099299311638,1,0,2487,3
2614,False,1,1,0,0.05192598106805235,1,0,2487,3
2615,False,1,1,0,0.05853496096096933,1,0,2487,3
2616,False,1,1,0,0.05782659910619259,1,0,2487,3
2617,False,1,1,0,0.05834753892850131,1,0,2487,3
2618,False,1,1,0,0.05115948501043022,1,0,2487,3
2619,False,1,1,0,0.05014742200728506,1,0,2487,3
2620,False,1,1,0,0.04944973799865693,1,0,2487,3
2621,False,1,1,0,0.050526913022622466,1,0,2487,3
2622,False,1,1,0,0.0500950439600274,1,0,2487,3
2623,False,1,1,0,0.049187800963409245,1,0,2487,3
2624,False,1,1,0,0.050122680026106536,1,0,2487,3
2625,False,1,1,0,0.049402337055653334,1,0,2487,3
2626,False,1,1,0,0.049495076993480325,1,0,2487,3
2627,False,1,1,0,0.05076026602182537,1,0,2487,3
2628,False,1,1,0,0.05134428397286683,1,0,2487,3
2629,False,1,1,0,0.05092492909170687,1,0,2487,3
2630,False,1,1,0,0.049655018956400454,1,0,2487,3
2631,False,1,1,0,0.049147704034112394,1,0,2487,3
2632,False,1,1,0,0.04999128100462258,1,0,2487,3
2633,False,1,1,0,0.04910426598507911,1,0,2487,3
2634,False,1,1,0,0.049329078989103436,1,0,2487,3
2635,False,1,1,0,0.04954139201436192,1,0,2487,3
2636,False,1,1,0,0.04931473603937775,1,0,2487,3
2637,False,1,1,0,0.04954047896899283,1,0,2487,3
2638,False,1,1,0,0.04952652798965573,1,0,2487,3
2639,False,1,1,0,0.049357985029928386,1,0,2487,3
2640,False,1,1,0,0.04931111400946975,1,0,2487,3
2641,False,1,1,0,0.04982811398804188,1,0,2487,3
2642,False,1,1,0,0.049410857958719134,1,0,2487,3
2643,False,1,1,0,0.04970075702294707,1,0,2487,3
2644,False,1,1,0,0.04939645400736481,1,0,2487,3
2645,False,1,1,0,0.04928656306583434,1,0,2487,3
2646,False,1,1,0,0.04971360205672681,1,0,2487,3
2647,False,1,1,0,0.050640419009141624,1,0,2487,3
2648,False,1,1,0,0.05346302792895585,1,0,2487,3
2649,False,1,1,0,0.0549426709767431,1,0,2487,3
2650,False,1,1,0,0.05255659599788487,1,0,2487,3
2651,False,1,1,0,0.0499578129965812,1,0,2487,3
2652,False,1,1,0,0.04971840395592153,1,0,2487,3
2653,False,1,1,0,0.04953355202451348,1,0,2487,3
2654,False,1,1,0,0.050318551948294044,1,0,2487,3
2655,False,1,1,0,0.050123882945626974,1,0,2487,3
2656,False,1,1,0,0.05034379393327981,1,0,2487,3
2657,False,1,1,0,0.05255710403434932,1,0,2487,3
2658,False,1,1,0,0.06169807689730078,1,0,2487,3
2659,False,1,1,0,0.06263858103193343,1,0,2487,3
2660,False,1,1,0,0.06241834594402462,1,0,2487,3
2661,False,1,1,0,0.051621739054098725,1,0,2487,3
2662,False,1,1,0,0.0524170680437237,1,0,2487,3
2663,False,1,1,0,0.04947258997708559,1,0,2487,3
2664,False,1,1,0,0.04934873501770198,1,0,2487,3
2665,False,1,1,0,0.05035663803573698,1,0,2487,3
2666,False,1,1,0,0.0515877139987424,1,0,2487,3
2667,False,1,1,0,0.05260376597288996,1,0,2487,3
2668,False,1,1,0,0.051468858029693365,1,0,2487,3
2669,False,1,1,0,0.050857724039815366,1,0,2487,3
2670,False,1,1,0,0.04980698705185205,1,0,2487,3
2671,False,1,1,0,0.049742178060114384,1,0,2487,3
2672,False,1,1,0,0.04926038207486272,1,0,2487,3
2673,False,1,1,0,0.04929109395015985,1,0,2487,3
2674,False,1,1,0,0.04982960503548384,1,0,2487,3
2675,False,1,1,0,0.04946703801397234,1,0,2487,3
2676,False,1,1,0,0.04942365805618465,1,0,2487,3
2677,False,1,1,0,0.050022879033349454,1,0,2487,3
2678,False,1,1,0,0.04939692001789808,1,0,2487,3
2679,False,1,1,0,0.05073717201594263,1,0,2487,3
2680,False,1,1,0,0.049697795999236405,1,0,2487,3
2681,False,1,1,0,0.050061610992997885,1,0,2487,3
2682,False,1,1,0,0.049915332929231226,1,0,2487,3
2683,False,1,1,0,0.049668038031086326,1,0,2487,3
2684,False,1,1,0,0.049209914985112846,1,0,2487,3
2685,False,1,1,0,0.049837663071230054,1,0,2487,3
2686,False,1,1,0,0.05243318306747824,1,0,2487,3
2687,False,1,1,0,0.05117363797035068,0,0,2490,0
2688,True,1,512,0,0.04817206598818302,1,0,2488,2
2689,False,1,1,0,0.04943270899821073,1,0,2487,3
2690,False,1,1,0,0.049431646009907126,1,0,2487,3
2691,False,1,1,0,0.049526376998983324,1,0,2487,3
2692,False,1,1,0,0.04947783297393471,1,0,2487,3
2693,False,1,1,0,0.049432034022174776,1,0,2487,3
2694,False,1,1,0,0.04934533697087318,1,0,2487,3
2695,False,1,1,0,0.049412889988161623,1,0,2487,3
2696,False,1,1,0,0.05129763996228576,1,0,2487,3
2697,False,1,1,0,0.049891934962943196,1,0,2487,3
2698,False,1,1,0,0.0496322310063988,1,0,2487,3
2699,False,1,1,0,0.049674143083393574,1,0,2487,3
2700,False,1,1,0,0.05281410994939506,1,0,2487,3
2701,False,1,1,0,0.058084937976673245,1,0,2487,3
2702,False,1,1,0,0.06044387398287654,1,0,2487,3
2703,False,1,1,0,0.05781911301892251,1,0,2487,3
2704,False,1,1,0,0.05324233905412257,1,0,2487,3
2705,False,1,1,0,0.05178931599948555,1,0,2487,3
2706,False,1,1,0,0.05263086699414998,1,0,2487,3
2707,False,1,1,0,0.04918503493536264,1,0,2487,3
2708,False,1,1,0,0.05026425502728671,1,0,2487,3
2709,False,1,1,0,0.05115658196154982,1,0,2487,3
2710,False,1,1,0,0.04948159900959581,1,0,2487,3
2711,False,1,1,0,0.04937963804695755,1,0,2487,3
2712,False,1,1,0,0.049062939011491835,1,0,2487,3
2713,False,1,1,0,0.04923779109958559,1,0,2487,3
2714,False,1,1,0,0.04917255905456841,1,0,2487,3
2715,False,1,1,0,0.049277861951850355,1,0,2487,3
2716,False,1,1,0,0.049443637020885944,1,0,2487,3
2717,False,1,1,0,0.048918086919002235,1,0,2487,3
2718,False,1,1,0,0.04921928304247558,1,0,2487,3
2719,False,1,1,0,0.049854781944304705,1,0,2487,3
2720,False,1,1,0,0.049620480043813586,1,0,2487,3
2721,False,1,1,0,0.05009352695196867,1,0,2487,3
2722,False,1,1,0,0.04940051899757236,1,0,2487,3
2723,False,1,1,0,0.049412688007578254,1,0,2487,3
2724,False,1,1,0,0.050378357991576195,1,0,2487,3
2725,False,1,1,0,0.04952221596613526,1,0,2487,3
2726,False,1,1,0,0.04984357696957886,1,0,2487,3
2727,False,1,1,0,0.0515622430248186,1,0,2487,3
2728,False,1,1,0,0.05189107300247997,1,0,2487,3
2729,False,1,1,0,0.04958978097420186,1,0,2487,3
2730,False,1,1,0,0.04959216306451708,1,0,2487,3
2731,False,1,1,0,0.049203489907085896,1,0,2487,3
2732,False,1,1,0,0.0492302339989692,1,0,2487,3
2733,False,1,1,0,0.049671904067508876,1,0,2487,3
2734,False,1,1,0,0.049405233934521675,1,0,2487,3
2735,False,1,1,0,0.04935889202170074,1,0,2487,3
2736,False,1,1,0,0.049663651967421174,1,0,2487,3
2737,False,1,1,0,0.04963384789880365,1,0,2487,3
2738,False,1,1,0,0.04957845795433968,1,0,2487,3
2739,False,1,1,0,0.04962527006864548,1,0,2487,3
2740,False,1,1,0,0.0494478129548952,1,0,2487,3
2741,False,1,1,0,0.04949445999227464,1,0,2487,3
2742,False,1,1,0,0.04952619597315788,1,0,2487,3
2743,False,1,1,0,0.04967580898664892,1,0,2487,3
2744,False,1,1,0,0.05095958197489381,1,0,2487,3
2745,False,1,1,0,0.05123574298340827,1,0,2487,3
2746,False,1,1,0,0.0528507319977507,1,0,2487,3
2747,False,1,1,0,0.05348301399499178,1,0,2487,3
2748,False,1,1,0,0.05326182895805687,1,0,2487,3
2749,False,1,1,0,0.051242374000139534,1,0,2487,3
2750,False,1,1,0,0.050573843996971846,1,0,2487,3
2751,False,1,1,0,0.05041493708267808,1,0,2487,3
2752,False,1,1,0,0.04995610599871725,1,0,2487,3
2753,False,1,1,0,0.0496044319588691,1,0,2487,3
2754,False,1,1,0,0.04952235007658601,1,0,2487,3
2755,False,1,1,0,0.049736099084839225,1,0,2487,3
2756,False,1,1,0,0.052920699934475124,1,0,2487,3
2757,False,1,1,0,0.04985396203119308,1,0,2487,3
2758,False,1,1,0,0.04982086399104446,1,0,2487,3
2759,False,1,1,0,0.051888159941881895,1,0,2487,3
2760,False,1,1,0,0.05005103792063892,1,0,2487,3
2761,False,1,1,0,0.05009691196028143,1,0,2487,3
2762,False,1,1,0,0.05087309691589326,1,0,2487,3
2763,False,1,1,0,0.05012964003253728,1,0,2487,3
2764,False,1,1,0,0.049947618041187525,1,0,2487,3
2765,False,1,1,0,0.05007619201205671,1,0,2487,3
2766,False,1,1,0,0.0546445989748463,1,0,2487,3
2767,False,1,1,0,0.05137584498152137,1,0,2487,3
2768,False,1,1,0,0.05204634601250291,1,0,2487,3
2769,False,1,1,0,0.05191180307883769,1,0,2487,3
2770,False,1,1,0,0.049906683969311416,1,0,2487,3
2771,False,1,1,0,0.05002151499502361,1,0,2487,3
2772,False,1,1,0,0.04918433295097202,1,0,2487,3
2773,False,1,1,0,0.04943502298556268,1,0,2487,3
2774,False,1,1,0,0.049451001919806004,1,0,2487,3
2775,False,1,1,0,0.049278035992756486,1,0,2487,3
2776,False,1,1,0,0.04992521298117936,1,0,2487,3
2777,False,1,1,0,0.04949882498476654,1,0,2487,3
2778,False,1,1,0,0.04965689894743264,1,0,2487,3
2779,False,1,1,0,0.05074967606924474,1,0,2487,3
2780,False,1,1,0,0.05024823802523315,1,0,2487,3
2781,False,1,1,0,0.052744661923497915,1,0,2487,3
2782,False,1,1,0,0.05896420904900879,1,0,2487,3
2783,False,1,1,0,0.06846056191716343,1,0,2487,3
2784,False,1,1,0,0.07085391297005117,1,0,2487,3
2785,False,1,1,0,0.06426966702565551,1,0,2487,3
2786,False,1,1,0,0.05636836600024253,1,0,2487,3
2787,False,1,1,0,0.060118921916000545,1,0,2487,3
2788,False,1,1,0,0.05947743495926261,1,0,2487,3
2789,False,1,1,0,0.056169192073866725,1,0,2487,3
2790,False,1,1,0,0.05386098299641162,1,0,2487,3
2791,False,1,1,0,0.05137471400666982,1,0,2487,3
2792,False,1,1,0,0.04938000498805195,1,0,2487,3
2793,False,1,1,0,0.049310094909742475,1,0,2487,3
2794,False,1,1,0,0.0493969009257853,1,0,2487,3
2795,False,1,1,0,0.04985282593406737,1,0,2487,3
2796,False,1,1,0,0.04912652797065675,1,0,2487,3
2797,False,1,1,0,0.049765778006985784,1,0,2487,3
2798,False,1,1,0,0.04949036403559148,1,0,2487,3
2799,False,1,1,0,0.049435712047852576,1,0,2487,3
2800,False,1,1,0,0.0497890500118956,1,0,2487,3
2801,False,1,1,0,0.049609625013545156,1,0,2487,3
2802,False,1,1,0,0.049589589005336165,1,0,2487,3
2803,False,1,1,0,0.051661154022440314,1,0,2487,3
2804,False,1,1,0,0.05340863997116685,1,0,2487,3
2805,False,1,1,0,0.050358279957436025,1,0,2487,3
2806,False,1,1,0,0.04999037797097117,1,0,2487,3
2807,False,1,1,0,0.04945628403220326,1,0,2487,3
2808,False,1,1,0,0.04967513296287507,1,0,2487,3
2809,False,1,1,0,0.0492732769344002,1,0,2487,3
2810,False,1,1,0,0.049124661018140614,1,0,2487,3
2811,False,1,1,0,0.04933709988836199,1,0,2487,3
2812,False,1,1,0,0.0496842140564695,1,0,2487,3
2813,False,1,1,0,0.04988508904352784,1,0,2487,3
2814,False,1,1,0,0.04968808905687183,1,0,2487,3
2815,False,1,1,0,0.05036959995049983,0,0,2490,0
2816,True,1,512,0,0.04770083294715732,1,0,2488,2
2817,False,1,1,0,0.05438114400021732,1,0,2487,3
2818,False,1,1,0,0.051036157994531095,1,0,2487,3
2819,False,1,1,0,0.05834283703006804,1,0,2487,3
2820,False,1,1,0,0.05035053996834904,1,0,2487,3
2821,False,1,1,0,0.05013980297371745,1,0,2487,3
2822,False,1,1,0,0.04981699900235981,1,0,2487,3
2823,False,1,1,0,0.051627379027195275,1,0,2487,3
2824,False,1,1,0,0.050693819066509604,1,0,2487,3
2825,False,1,1,0,0.050643110065720975,1,0,2487,3
2826,False,1,1,0,0.050088715041056275,1,0,2487,3
2827,False,1,1,0,0.051001359010115266,1,0,2487,3
2828,False,1,1,0,0.05070547095965594,1,0,2487,3
2829,False,1,1,0,0.04997055698186159,1,0,2487,3
2830,False,1,1,0,0.049901467049494386,1,0,2487,3
2831,False,1,1,0,0.04950239299796522,1,0,2487,3
2832,False,1,1,0,0.04964263900183141,1,0,2487,3
2833,False,1,1,0,0.04996946407482028,1,0,2487,3
2834,False,1,1,0,0.04944797500502318,1,0,2487,3
2835,False,1,1,0,0.0493282430106774,1,0,2487,3
2836,False,1,1,0,0.04978016798850149,1,0,2487,3
2837,False,1,1,0,0.04982308007311076,1,0,2487,3
2838,False,1,1,0,0.05025791691150516,1,0,2487,3
2839,False,1,1,0,0.04963315196800977,1,0,2487,3
2840,False,1,1,0,0.05013674695510417,1,0,2487,3
2841,False,1,1,0,0.049776994972489774,1,0,2487,3
2842,False,1,1,0,0.050134051009081304,1,0,2487,3
2843,False,1,1,0,0.05164790106937289,1,0,2487,3
2844,False,1,1,0,0.05321159400045872,1,0,2487,3
2845,False,1,1,0,0.053268403047695756,1,0,2487,3
2846,False,1,1,0,0.050969282048754394,1,0,2487,3
2847,False,1,1,0,0.04959629301447421,1,0,2487,3
2848,False,1,1,0,0.049749797908589244,1,0,2487,3
2849,False,1,1,0,0.04987668094690889,1,0,2487,3
2850,False,1,1,0,0.04991254105698317,1,0,2487,3
2851,False,1,1,0,0.04953124304302037,1,0,2487,3
2852,False,1,1,0,0.04937638505361974,1,0,2487,3
2853,False,1,1,0,0.04971388203557581,1,0,2487,3
2854,False,1,1,0,0.04955812497064471,1,0,2487,3
2855,False,1,1,0,0.049999593989923596,1,0,2487,3
2856,False,1,1,0,0.05016203096602112,1,0,2487,3
2857,False,1,1,0,0.04962664295453578,1,0,2487,3
2858,False,1,1,0,0.050120556028559804,1,0,2487,3
2859,False,1,1,0,0.04956826602574438,1,0,2487,3
2860,False,1,1,0,0.04963750101160258,1,0,2487,3
2861,False,1,1,0,0.04947841609828174,1,0,2487,3
2862,False,1,1,0,0.0499901530565694,1,0,2487,3
2863,False,1,1,0,0.050247006001882255,1,0,2487,3
2864,False,1,1,0,0.04943337698932737,1,0,2487,3
2865,False,1,1,0,0.055977874086238444,1,0,2487,3
2866,False,1,1,0,0.052560103009454906,1,0,2487,3
2867,False,1,1,0,0.050246399943716824,1,0,2487,3
2868,False,1,1,0,0.04959330998826772,1,0,2487,3
2869,False,1,1,0,0.049393194960430264,1,0,2487,3
2870,False,1,1,0,0.04945865296758711,1,0,2487,3
2871,False,1,1,0,0.049477296066470444,1,0,2487,3
2872,False,1,1,0,0.05109619302675128,1,0,2487,3
2873,False,1,1,0,0.055231251986697316,1,0,2487,3
2874,False,1,1,0,0.05667356890626252,1,0,2487,3
2875,False,1,1,0,0.05716163001488894,1,0,2487,3
2876,False,1,1,0,0.059821789036504924,1,0,2487,3
2877,False,1,1,0,0.05246309994254261,1,0,2487,3
2878,False,1,1,0,0.05176953098271042,1,0,2487,3
2879,False,1,1,0,0.05005353898741305,1,0,2487,3
2880,False,1,1,0,0.0496065589832142,1,0,2487,3
2881,False,1,1,0,0.04926287103444338,1,0,2487,3
2882,False,1,1,0,0.051486436976119876,1,0,2487,3
2883,False,1,1,0,0.051612506969831884,1,0,2487,3
2884,False,1,1,0,0.05005968001205474,1,0,2487,3
2885,False,1,1,0,0.0496268670540303,1,0,2487,3
2886,False,1,1,0,0.04958766989875585,1,0,2487,3
2887,False,1,1,0,0.05169182503595948,1,0,2487,3
2888,False,1,1,0,0.050142713938839734,1,0,2487,3
2889,False,1,1,0,0.049667894025333226,1,0,2487,3
2890,False,1,1,0,0.049232998047955334,1,0,2487,3
2891,False,1,1,0,0.04935067193582654,1,0,2487,3
2892,False,1,1,0,0.049415061017498374,1,0,2487,3
2893,False,1,1,0,0.04951654199976474,1,0,2487,3
2894,False,1,1,0,0.050041740061715245,1,0,2487,3
2895,False,1,1,0,0.049425057019107044,1,0,2487,3
2896,False,1,1,0,0.049739749054424465,1,0,2487,3
2897,False,1,1,0,0.0496415930101648,1,0,2487,3
2898,False,1,1,0,0.04973269603215158,1,0,2487,3
2899,False,1,1,0,0.049785139970481396,1,0,2487,3
2900,False,1,1,0,0.04974800406489521,1,0,2487,3
2901,False,1,1,0,0.05020268401131034,1,0,2487,3
2902,False,1,1,0,0.05124380404595286,1,0,2487,3
2903,False,1,1,0,0.04962463607080281,1,0,2487,3
2904,False,1,1,0,0.04955253598745912,1,0,2487,3
2905,False,1,1,0,0.0554015749366954,1,0,2487,3
2906,False,1,1,0,0.05895207403227687,1,0,2487,3
2907,False,1,1,0,0.06455118500161916,1,0,2487,3
2908,False,1,1,0,0.06748581200372428,1,0,2487,3
2909,False,1,1,0,0.054518274031579494,1,0,2487,3
2910,False,1,1,0,0.05091772391460836,1,0,2487,3
2911,False,1,1,0,0.04943547397851944,1,0,2487,3
2912,False,1,1,0,0.049687605001963675,1,0,2487,3
2913,False,1,1,0,0.049423095071688294,1,0,2487,3
2914,False,1,1,0,0.049227538984268904,1,0,2487,3
2915,False,1,1,0,0.0495962220011279,1,0,2487,3
2916,False,1,1,0,0.05199448810890317,1,0,2487,3
2917,False,1,1,0,0.049123650998808444,1,0,2487,3
2918,False,1,1,0,0.04958200000692159,1,0,2487,3
2919,False,1,1,0,0.04909729503560811,1,0,2487,3
2920,False,1,1,0,0.049542993074283004,1,0,2487,3
2921,False,1,1,0,0.05226681206841022,1,0,2487,3
2922,False,1,1,0,0.05038522998802364,1,0,2487,3
2923,False,1,1,0,0.0493936559651047,1,0,2487,3
2924,False,1,1,0,0.05045379092916846,1,0,2487,3
2925,False,1,1,0,0.049931332003325224,1,0,2487,3
2926,False,1,1,0,0.04928787995595485,1,0,2487,3
2927,False,1,1,0,0.04955033492296934,1,0,2487,3
2928,False,1,1,0,0.04945961700286716,1,0,2487,3
2929,False,1,1,0,0.049256764934398234,1,0,2487,3
2930,False,1,1,0,0.04916023707482964,1,0,2487,3
2931,False,1,1,0,0.04945679800584912,1,0,2487,3
2932,False,1,1,0,0.04919515200890601,1,0,2487,3
2933,False,1,1,0,0.049320162972435355,1,0,2487,3
2934,False,1,1,0,0.049182389047928154,1,0,2487,3
2935,False,1,1,0,0.05233055306598544,1,0,2487,3
2936,False,1,1,0,0.04958998505026102,1,0,2487,3
2937,False,1,1,0,0.049167274963110685,1,0,2487,3
2938,False,1,1,0,0.04969578003510833,1,0,2487,3
2939,False,1,1,0,0.04942090203985572,1,0,2487,3
2940,False,1,1,0,0.04915680701378733,1,0,2487,3
2941,False,1,1,0,0.05026285699568689,1,0,2487,3
2942,False,1,1,0,0.05424298101570457,1,0,2487,3
2943,False,1,1,0,0.05397039302624762,0,0,2490,0
2944,True,1,512,0,0.04873113508801907,1,0,2488,2
2945,False,1,1,0,0.04966240399517119,1,0,2487,3
2946,False,1,1,0,0.050468562985770404,1,0,2487,3
2947,False,1,1,0,0.04900599305983633,1,0,2487,3
2948,False,1,1,0,0.04957485990598798,1,0,2487,3
2949,False,1,1,0,0.04940586700104177,1,0,2487,3
2950,False,1,1,0,0.049368658917956054,1,0,2487,3
2951,False,1,1,0,0.050516064977273345,1,0,2487,3
2952,False,1,1,0,0.05046187900006771,1,0,2487,3
2953,False,1,1,0,0.04956355004105717,1,0,2487,3
2954,False,1,1,0,0.04958806396462023,1,0,2487,3
2955,False,1,1,0,0.049460546928457916,1,0,2487,3
2956,False,1,1,0,0.04978544102050364,1,0,2487,3
2957,False,1,1,0,0.049630971043370664,1,0,2487,3
2958,False,1,1,0,0.04965883097611368,1,0,2487,3
2959,False,1,1,0,0.05280488997232169,1,0,2487,3
2960,False,1,1,0,0.05797504901420325,1,0,2487,3
2961,False,1,1,0,0.060621631098911166,1,0,2487,3
2962,False,1,1,0,0.06138642702717334,1,0,2487,3
2963,False,1,1,0,0.054449295974336565,1,0,2487,3
2964,False,1,1,0,0.05173370998818427,1,0,2487,3
2965,False,1,1,0,0.049738995963707566,1,0,2487,3
2966,False,1,1,0,0.049228276940993965,1,0,2487,3
2967,False,1,1,0,0.04899299191311002,1,0,2487,3
2968,False,1,1,0,0.04968628904316574,1,0,2487,3
2969,False,1,1,0,0.049321133992634714,1,0,2487,3
2970,False,1,1,0,0.04929592099506408,1,0,2487,3
2971,False,1,1,0,0.049682616954669356,1,0,2487,3
2972,False,1,1,0,0.0499410800402984,1,0,2487,3
2973,False,1,1,0,0.049365255050361156,1,0,2487,3
2974,False,1,1,0,0.049231556011363864,1,0,2487,3
2975,False,1,1,0,0.04955309897195548,1,0,2487,3
2976,False,1,1,0,0.04960724001284689,1,0,2487,3
2977,False,1,1,0,0.04922978102695197,1,0,2487,3
2978,False,1,1,0,0.04940395394805819,1,0,2487,3
2979,False,1,1,0,0.049405800993554294,1,0,2487,3
2980,False,1,1,0,0.05033367010764778,1,0,2487,3
2981,False,1,1,0,0.05109845392871648,1,0,2487,3
2982,False,1,1,0,0.04968994401860982,1,0,2487,3
2983,False,1,1,0,0.049714743974618614,1,0,2487,3
2984,False,1,1,0,0.049428318976424634,1,0,2487,3
2985,False,1,1,0,0.04959609196521342,1,0,2487,3
2986,False,1,1,0,0.0493228230625391,1,0,2487,3
2987,False,1,1,0,0.049130801926366985,1,0,2487,3
2988,False,1,1,0,0.04930420301388949,1,0,2487,3
2989,False,1,1,0,0.04936069797258824,1,0,2487,3
2990,False,1,1,0,0.049392496002838016,1,0,2487,3
2991,False,1,1,0,0.04947888501919806,1,0,2487,3
2992,False,1,1,0,0.04913042497355491,1,0,2487,3
2993,False,1,1,0,0.04920404404401779,1,0,2487,3
2994,False,1,1,0,0.04937865096144378,1,0,2487,3
2995,False,1,1,0,0.05089920898899436,1,0,2487,3
2996,False,1,1,0,0.049355936935171485,1,0,2487,3
2997,False,1,1,0,0.049725804943591356,1,0,2487,3
2998,False,1,1,0,0.049437811016105115,1,0,2487,3
2999,False,1,1,0,0.04925614001695067,1,0,2487,3
3000,False,1,1,0,0.049271975993178785,1,0,2487,3
3001,False,1,1,0,0.05166315590031445,1,0,2487,3
3002,False,1,1,0,0.05046925798524171,1,0,2487,3
3003,False,1,1,0,0.05026933504268527,1,0,2487,3
3004,False,1,1,0,0.04989336698781699,1,0,2487,3
3005,False,1,1,0,0.04981495998799801,1,0,2487,3
3006,False,1,1,0,0.05082384299021214,1,0,2487,3
3007,False,1,1,0,0.04953112103976309,1,0,2487,3
3008,False,1,1,0,0.04923719703219831,1,0,2487,3
3009,False,1,1,0,0.049005924025550485,1,0,2487,3
3010,False,1,1,0,0.04943583009298891,1,0,2487,3
3011,False,1,1,0,0.04975540505256504,1,0,2487,3
3012,False,1,1,0,0.049476000014692545,1,0,2487,3
3013,False,1,1,0,0.04918388300575316,1,0,2487,3
3014,False,1,1,0,0.049480480956844985,1,0,2487,3
3015,False,1,1,0,0.04977329098619521,1,0,2487,3
3016,False,1,1,0,0.04895356600172818,1,0,2487,3
3017,False,1,1,0,0.049286462017335,1,0,2487,3
3018,False,1,1,0,0.049754345091059804,1,0,2487,3
3019,False,1,1,0,0.04965259006712586,1,0,2487,3
3020,False,1,1,0,0.05045421002432704,1,0,2487,3
3021,False,1,1,0,0.05105520400684327,1,0,2487,3
3022,False,1,1,0,0.049481893074698746,1,0,2487,3
3023,False,1,1,0,0.05178858700674027,1,0,2487,3
3024,False,1,1,0,0.049744504038244486,1,0,2487,3
3025,False,1,1,0,0.04952759109437466,1,0,2487,3
3026,False,1,1,0,0.049480019020847976,1,0,2487,3
3027,False,1,1,0,0.04922207200434059,1,0,2487,3
3028,False,1,1,0,0.049365384969860315,1,0,2487,3
3029,False,1,1,0,0.05012647097464651,1,0,2487,3
3030,False,1,1,0,0.0513027060078457,1,0,2487,3
3031,False,1,1,0,0.0585220759967342,1,0,2487,3
3032,False,1,1,0,0.05708158598281443,1,0,2487,3
3033,False,1,1,0,0.0512679050443694,1,0,2487,3
3034,False,1,1,0,0.05256239091977477,1,0,2487,3
3035,False,1,1,0,0.05094859306700528,1,0,2487,3
3036,False,1,1,0,0.049321135971695185,1,0,2487,3
3037,False,1,1,0,0.049550093011930585,1,0,2487,3
3038,False,1,1,0,0.04979678709059954,1,0,2487,3
3039,False,1,1,0,0.04961785301566124,1,0,2487,3
3040,False,1,1,0,0.05166110792197287,1,0,2487,3
3041,False,1,1,0,0.05582198000047356,1,0,2487,3
3042,False,1,1,0,0.054637070978060365,1,0,2487,3
3043,False,1,1,0,0.05056057497859001,1,0,2487,3
3044,False,1,1,0,0.05093174206558615,1,0,2487,3
3045,False,1,1,0,0.05007803603075445,1,0,2487,3
3046,False,1,1,0,0.052233300055377185,1,0,2487,3
3047,False,1,1,0,0.056814683019183576,1,0,2487,3
3048,False,1,1,0,0.055135124013759196,1,0,2487,3
3049,False,1,1,0,0.05624576401896775,1,0,2487,3
3050,False,1,1,0,0.05207429802976549,1,0,2487,3
3051,False,1,1,0,0.052049410063773394,1,0,2487,3
3052,False,1,1,0,0.04956636193674058,1,0,2487,3
3053,False,1,1,0,0.0491260850103572,1,0,2487,3
3054,False,1,1,0,0.05204148904886097,1,0,2487,3
3055,False,1,1,0,0.04911151702981442,1,0,2487,3
3056,False,1,1,0,0.04898668301757425,1,0,2487,3
3057,False,1,1,0,0.04929860797710717,1,0,2487,3
3058,False,1,1,0,0.050448449910618365,1,0,2487,3
3059,False,1,1,0,0.0503236660733819,1,0,2487,3
3060,False,1,1,0,0.05189395404886454,1,0,2487,3
3061,False,1,1,0,0.051418023998849094,1,0,2487,3
3062,False,1,1,0,0.05198743299115449,1,0,2487,3
3063,False,1,1,0,0.05001374403946102,1,0,2487,3
3064,False,1,1,0,0.049432978965342045,1,0,2487,3
3065,False,1,1,0,0.05063523701392114,1,0,2487,3
3066,False,1,1,0,0.050106990966014564,1,0,2487,3
3067,False,1,1,0,0.04961543099489063,1,0,2487,3
3068,False,1,1,0,0.04932566394563764,1,0,2487,3
3069,False,1,1,0,0.049327065935358405,1,0,2487,3
3070,False,1,1,0,0.049612617935054004,1,0,2487,3
3071,False,1,1,0,0.05023361591156572,0,0,2490,0
3072,True,1,512,0,0.04749945900402963,1,0,2488,2
3073,False,1,1,0,0.04941265203524381,1,0,2487,3
3074,False,1,1,0,0.049398364033550024,1,0,2487,3
3075,False,1,1,0,0.04988510301336646,1,0,2487,3
3076,False,1,1,0,0.049326719949021935,1,0,2487,3
3077,False,1,1,0,0.04946907691191882,1,0,2487,3
3078,False,1,1,0,0.049668296007439494,1,0,2487,3
3079,False,1,1,0,0.050590811064466834,1,0,2487,3
3080,False,1,1,0,0.05129814404062927,1,0,2487,3
3081,False,1,1,0,0.04977650393266231,1,0,2487,3
3082,False,1,1,0,0.05031568801496178,1,0,2487,3
3083,False,1,1,0,0.05019936594180763,1,0,2487,3
3084,False,1,1,0,0.049870935967192054,1,0,2487,3
3085,False,1,1,0,0.04973156098276377,1,0,2487,3
3086,False,1,1,0,0.05022047692909837,1,0,2487,3
3087,False,1,1,0,0.04988864203915,1,0,2487,3
3088,False,1,1,0,0.04917636199388653,1,0,2487,3
3089,False,1,1,0,0.04926446103490889,1,0,2487,3
3090,False,1,1,0,0.04935197101440281,1,0,2487,3
3091,False,1,1,0,0.04951717902440578,1,0,2487,3
3092,False,1,1,0,0.050997623009607196,1,0,2487,3
3093,False,1,1,0,0.04925723106134683,1,0,2487,3
3094,False,1,1,0,0.04932615999132395,1,0,2487,3
3095,False,1,1,0,0.049298726953566074,1,0,2487,3
3096,False,1,1,0,0.0495875229826197,1,0,2487,3
3097,False,1,1,0,0.049831162905320525,1,0,2487,3
3098,False,1,1,0,0.049454084946773946,1,0,2487,3
3099,False,1,1,0,0.04974156594835222,1,0,2487,3
3100,False,1,1,0,0.052208165056072176,1,0,2487,3
3101,False,1,1,0,0.04976882296614349,1,0,2487,3
3102,False,1,1,0,0.05041238490957767,1,0,2487,3
3103,False,1,1,0,0.050545110017992556,1,0,2487,3
3104,False,1,1,0,0.04944944300223142,1,0,2487,3
3105,False,1,1,0,0.04920296894852072,1,0,2487,3
3106,False,1,1,0,0.048972136923111975,1,0,2487,3
3107,False,1,1,0,0.05007101793307811,1,0,2487,3
3108,False,1,1,0,0.049331319984048605,1,0,2487,3
3109,False,1,1,0,0.049741107039153576,1,0,2487,3
3110,False,1,1,0,0.04961549094878137,1,0,2487,3
3111,False,1,1,0,0.04953624703921378,1,0,2487,3
3112,False,1,1,0,0.049570067902095616,1,0,2487,3
3113,False,1,1,0,0.049420230090618134,1,0,2487,3
3114,False,1,1,0,0.049937425064854324,1,0,2487,3
3115,False,1,1,0,0.04979752202052623,1,0,2487,3
3116,False,1,1,0,0.04920644499361515,1,0,2487,3
3117,False,1,1,0,0.04951465502381325,1,0,2487,3
3118,False,1,1,0,0.05049876298289746,1,0,2487,3
3119,False,1,1,0,0.05031237902585417,1,0,2487,3
3120,False,1,1,0,0.05220883805304766,1,0,2487,3
3121,False,1,1,0,0.049948096042498946,1,0,2487,3
3122,False,1,1,0,0.05073956504929811,1,0,2487,3
3123,False,1,1,0,0.0491591920144856,1,0,2487,3
3124,False,1,1,0,0.05068366404157132,1,0,2487,3
3125,False,1,1,0,0.049350692075677216,1,0,2487,3
3126,False,1,1,0,0.05107815598603338,1,0,2487,3
3127,False,1,1,0,0.0498375550378114,1,0,2487,3
3128,False,1,1,0,0.049843139946460724,1,0,2487,3
3129,False,1,1,0,0.05115867091808468,1,0,2487,3
3130,False,1,1,0,0.049714023945853114,1,0,2487,3
3131,False,1,1,0,0.04958302399609238,1,0,2487,3
3132,False,1,1,0,0.05097070790361613,1,0,2487,3
3133,False,1,1,0,0.051914395997300744,1,0,2487,3
3134,False,1,1,0,0.05079616198781878,1,0,2487,3
3135,False,1,1,0,0.05143172503449023,1,0,2487,3
3136,False,1,1,0,0.05429586407262832,1,0,2487,3
3137,False,1,1,0,0.05313269898761064,1,0,2487,3
3138,False,1,1,0,0.05200022703502327,1,0,2487,3
3139,False,1,1,0,0.05007990507874638,1,0,2487,3
3140,False,1,1,0,0.05426448001526296,1,0,2487,3
3141,False,1,1,0,0.05373665690422058,1,0,2487,3
3142,False,1,1,0,0.050966738956049085,1,0,2487,3
3143,False,1,1,0,0.050538516021333635,1,0,2487,3
3144,False,1,1,0,0.049715257016941905,1,0,2487,3
3145,False,1,1,0,0.0493777219671756,1,0,2487,3
3146,False,1,1,0,0.0495020350208506,1,0,2487,3
3147,False,1,1,0,0.05029441590886563,1,0,2487,3
3148,False,1,1,0,0.050611302023753524,1,0,2487,3
3149,False,1,1,0,0.05042835895437747,1,0,2487,3
3150,False,1,1,0,0.050950668985024095,1,0,2487,3
3151,False,1,1,0,0.0501568199833855,1,0,2487,3
3152,False,1,1,0,0.04952633392531425,1,0,2487,3
3153,False,1,1,0,0.05152652598917484,1,0,2487,3
3154,False,1,1,0,0.05790538003202528,1,0,2487,3
3155,False,1,1,0,0.06546179309953004,1,0,2487,3
3156,False,1,1,0,0.065708810929209,1,0,2487,3
3157,False,1,1,0,0.060724732000380754,1,0,2487,3
3158,False,1,1,0,0.05388038803357631,1,0,2487,3
3159,False,1,1,0,0.05384422303177416,1,0,2487,3
3160,False,1,1,0,0.05198700597975403,1,0,2487,3
3161,False,1,1,0,0.04991318401880562,1,0,2487,3
3162,False,1,1,0,0.05000845401082188,1,0,2487,3
3163,False,1,1,0,0.050199741031974554,1,0,2487,3
3164,False,1,1,0,0.04914176499005407,1,0,2487,3
3165,False,1,1,0,0.04941072699148208,1,0,2487,3
3166,False,1,1,0,0.04951935401186347,1,0,2487,3
3167,False,1,1,0,0.049668867024593055,1,0,2487,3
3168,False,1,1,0,0.049596832948736846,1,0,2487,3
3169,False,1,1,0,0.04961900494527072,1,0,2487,3
3170,False,1,1,0,0.04950595798436552,1,0,2487,3
3171,False,1,1,0,0.049067366984672844,1,0,2487,3
3172,False,1,1,0,0.049995650071650743,1,0,2487,3
3173,False,1,1,0,0.0510486209532246,1,0,2487,3
3174,False,1,1,0,0.04930880304891616,1,0,2487,3
3175,False,1,1,0,0.05111786397174001,1,0,2487,3
3176,False,1,1,0,0.04944302898366004,1,0,2487,3
3177,False,1,1,0,0.04975838400423527,1,0,2487,3
3178,False,1,1,0,0.050684234010986984,1,0,2487,3
3179,False,1,1,0,0.05018100806046277,1,0,2487,3
3180,False,1,1,0,0.05423398793209344,1,0,2487,3
3181,False,1,1,0,0.05244482902344316,1,0,2487,3
3182,False,1,1,0,0.05101764702703804,1,0,2487,3
3183,False,1,1,0,0.05013133096508682,1,0,2487,3
3184,False,1,1,0,0.05152802891097963,1,0,2487,3
3185,False,1,1,0,0.05093419598415494,1,0,2487,3
3186,False,1,1,0,0.04999156098347157,1,0,2487,3
3187,False,1,1,0,0.049954445101320744,1,0,2487,3
3188,False,1,1,0,0.049945940962061286,1,0,2487,3
3189,False,1,1,0,0.0492813210003078,1,0,2487,3
3190,False,1,1,0,0.049496521009132266,1,0,2487,3
3191,False,1,1,0,0.049285918939858675,1,0,2487,3
3192,False,1,1,0,0.049751761951483786,1,0,2487,3
3193,False,1,1,0,0.049302038038149476,1,0,2487,3
3194,False,1,1,0,0.050030224956572056,1,0,2487,3
3195,False,1,1,0,0.04956388392020017,1,0,2487,3
3196,False,1,1,0,0.04919397900812328,1,0,2487,3
3197,False,1,1,0,0.050547929015010595,1,0,2487,3
3198,False,1,1,0,0.05122643301729113,1,0,2487,3
3199,False,1,1,0,0.0508043390000239,0,0,2490,0
3200,True,1,512,0,0.048632466001436114,1,0,2488,2
3201,False,1,1,0,0.050192053080536425,1,0,2487,3
3202,False,1,1,0,0.04984722100198269,1,0,2487,3
3203,False,1,1,0,0.05067011096980423,1,0,2487,3
3204,False,1,1,0,0.05000799905974418,1,0,2487,3
3205,False,1,1,0,0.049829949042759836,1,0,2487,3
3206,False,1,1,0,0.049532853066921234,1,0,2487,3
3207,False,1,1,0,0.05070442904252559,1,0,2487,3
3208,False,1,1,0,0.050044388975948095,1,0,2487,3
3209,False,1,1,0,0.049705867073498666,1,0,2487,3
3210,False,1,1,0,0.04984247905667871,1,0,2487,3
3211,False,1,1,0,0.05008048703894019,1,0,2487,3
3212,False,1,1,0,0.05021470901556313,1,0,2487,3
3213,False,1,1,0,0.049540300969965756,1,0,2487,3
3214,False,1,1,0,0.049526824965141714,1,0,2487,3
3215,False,1,1,0,0.04939948604442179,1,0,2487,3
3216,False,1,1,0,0.049351696972735226,1,0,2487,3
3217,False,1,1,0,0.049550245981663465,1,0,2487,3
3218,False,1,1,0,0.05163302109576762,1,0,2487,3
3219,False,1,1,0,0.054882330005057156,1,0,2487,3
3220,False,1,1,0,0.0567358291009441,1,0,2487,3
3221,False,1,1,0,0.05620738700963557,1,0,2487,3
3222,False,1,1,0,0.053394610062241554,1,0,2487,3
3223,False,1,1,0,0.05075775901786983,1,0,2487,3
3224,False,1,1,0,0.0496035449905321,1,0,2487,3
3225,False,1,1,0,0.050770981004461646,1,0,2487,3
3226,False,1,1,0,0.04954152298159897,1,0,2487,3
3227,False,1,1,0,0.049591991933993995,1,0,2487,3
3228,False,1,1,0,0.049566473928280175,1,0,2487,3
3229,False,1,1,0,0.049520340049639344,1,0,2487,3
3230,False,1,1,0,0.04950046201702207,1,0,2487,3
3231,False,1,1,0,0.049852748052217066,1,0,2487,3
3232,False,1,1,0,0.04958226403687149,1,0,2487,3
3233,False,1,1,0,0.05073367396835238,1,0,2487,3
3234,False,1,1,0,0.04915161803364754,1,0,2487,3
3235,False,1,1,0,0.04905446898192167,1,0,2487,3
3236,False,1,1,0,0.04911895201075822,1,0,2487,3
3237,False,1,1,0,0.050253466004505754,1,0,2487,3
3238,False,1,1,0,0.05079312599264085,1,0,2487,3
3239,False,1,1,0,0.0541046189609915,1,0,2487,3
3240,False,1,1,0,0.05315350997261703,1,0,2487,3
3241,False,1,1,0,0.04964325507171452,1,0,2487,3
3242,False,1,1,0,0.049840444000437856,1,0,2487,3
3243,False,1,1,0,0.04957149794790894,1,0,2487,3
3244,False,1,1,0,0.05041554197669029,1,0,2487,3
3245,False,1,1,0,0.050074464990757406,1,0,2487,3
3246,False,1,1,0,0.049576389021240175,1,0,2487,3
3247,False,1,1,0,0.049759546061977744,1,0,2487,3
3248,False,1,1,0,0.04932834592182189,1,0,2487,3
3249,False,1,1,0,0.04945877299178392,1,0,2487,3
3250,False,1,1,0,0.04944447998423129,1,0,2487,3
3251,False,1,1,0,0.049294341006316245,1,0,2487,3
3252,False,1,1,0,0.0496758499648422,1,0,2487,3
3253,False,1,1,0,0.04991634993348271,1,0,2487,3
3254,False,1,1,0,0.04928621603175998,1,0,2487,3
3255,False,1,1,0,0.04930376494303346,1,0,2487,3
3256,False,1,1,0,0.04927574598696083,1,0,2487,3
3257,False,1,1,0,0.05087962106335908,1,0,2487,3
3258,False,1,1,0,0.05227877094876021,1,0,2487,3
3259,False,1,1,0,0.05173128400929272,1,0,2487,3
3260,False,1,1,0,0.05205563304480165,1,0,2487,3
3261,False,1,1,0,0.049702246906235814,1,0,2487,3
3262,False,1,1,0,0.049420471070334315,1,0,2487,3
3263,False,1,1,0,0.04915500502102077,1,0,2487,3
3264,False,1,1,0,0.04927002405747771,1,0,2487,3
3265,False,1,1,0,0.04963376803789288,1,0,2487,3
3266,False,1,1,0,0.04957835306413472,1,0,2487,3
3267,False,1,1,0,0.049591433024033904,1,0,2487,3
3268,False,1,1,0,0.04974555294029415,1,0,2487,3
3269,False,1,1,0,0.049781374051235616,1,0,2487,3
3270,False,1,1,0,0.049293044954538345,1,0,2487,3
3271,False,1,1,0,0.04955667303875089,1,0,2487,3
3272,False,1,1,0,0.04955678293481469,1,0,2487,3
3273,False,1,1,0,0.04965041996911168,1,0,2487,3
3274,False,1,1,0,0.04948848194908351,1,0,2487,3
3275,False,1,1,0,0.050032847095280886,1,0,2487,3
3276,False,1,1,0,0.049474315950646996,1,0,2487,3
3277,False,1,1,0,0.05041964305564761,1,0,2487,3
3278,False,1,1,0,0.051864876062609255,1,0,2487,3
3279,False,1,1,0,0.055213521933183074,1,0,2487,3
3280,False,1,1,0,0.0656662640394643,1,0,2487,3
3281,False,1,1,0,0.060716467909514904,1,0,2487,3
3282,False,1,1,0,0.06112842203583568,1,0,2487,3
3283,False,1,1,0,0.05001428001560271,1,0,2487,3
3284,False,1,1,0,0.051633905968628824,1,0,2487,3
3285,False,1,1,0,0.049432829953730106,1,0,2487,3
3286,False,1,1,0,0.0491908990079537,1,0,2487,3
3287,False,1,1,0,0.04910493700299412,1,0,2487,3
3288,False,1,1,0,0.04941536800470203,1,0,2487,3
3289,False,1,1,0,0.049155193963088095,1,0,2487,3
3290,False,1,1,0,0.049354608985595405,1,0,2487,3
3291,False,1,1,0,0.049102346994914114,1,0,2487,3
3292,False,1,1,0,0.04960170399863273,1,0,2487,3
3293,False,1,1,0,0.04905679705552757,1,0,2487,3
3294,False,1,1,0,0.049349020002409816,1,0,2487,3
3295,False,1,1,0,0.049006486078724265,1,0,2487,3
3296,False,1,1,0,0.05009904899634421,1,0,2487,3
3297,False,1,1,0,0.05181837209966034,1,0,2487,3
3298,False,1,1,0,0.049500560970045626,1,0,2487,3
3299,False,1,1,0,0.05035017104819417,1,0,2487,3
3300,False,1,1,0,0.04974360601045191,1,0,2487,3
3301,False,1,1,0,0.04944947501644492,1,0,2487,3
3302,False,1,1,0,0.049509948934428394,1,0,2487,3
3303,False,1,1,0,0.04916026093997061,1,0,2487,3
3304,False,1,1,0,0.0508209700929001,1,0,2487,3
3305,False,1,1,0,0.0512156569166109,1,0,2487,3
3306,False,1,1,0,0.0506969349225983,1,0,2487,3
3307,False,1,1,0,0.051976392045617104,1,0,2487,3
3308,False,1,1,0,0.05160645907744765,1,0,2487,3
3309,False,1,1,0,0.053122451063245535,1,0,2487,3
3310,False,1,1,0,0.051545633003115654,1,0,2487,3
3311,False,1,1,0,0.050532842986285686,1,0,2487,3
3312,False,1,1,0,0.05038651905488223,1,0,2487,3
3313,False,1,1,0,0.04966618295293301,1,0,2487,3
3314,False,1,1,0,0.04977220599539578,1,0,2487,3
3315,False,1,1,0,0.048956225044094026,1,0,2487,3
3316,False,1,1,0,0.04998702299781144,1,0,2487,3
3317,False,1,1,0,0.05124226305633783,1,0,2487,3
3318,False,1,1,0,0.04964844894129783,1,0,2487,3
3319,False,1,1,0,0.0501341309864074,1,0,2487,3
3320,False,1,1,0,0.049195575062185526,1,0,2487,3
3321,False,1,1,0,0.049088385072536767,1,0,2487,3
3322,False,1,1,0,0.04884878499433398,1,0,2487,3
3323,False,1,1,0,0.0498770090052858,1,0,2487,3
3324,False,1,1,0,0.049134080996736884,1,0,2487,3
3325,False,1,1,0,0.04899633792228997,1,0,2487,3
3326,False,1,1,0,0.04904962098225951,1,0,2487,3
3327,False,1,1,0,0.04935489594936371,0,0,2490,0
3328,True,1,512,0,0.047258179052732885,1,0,2488,2
3329,False,1,1,0,0.049423290067352355,1,0,2487,3
3330,False,1,1,0,0.04992702405434102,1,0,2487,3
3331,False,1,1,0,0.04909301805309951,1,0,2487,3
3332,False,1,1,0,0.048923173919320107,1,0,2487,3
3333,False,1,1,0,0.049412240041419864,1,0,2487,3
3334,False,1,1,0,0.04953262396156788,1,0,2487,3
3335,False,1,1,0,0.04961028206162155,1,0,2487,3
3336,False,1,1,0,0.05214617005549371,1,0,2487,3
3337,False,1,1,0,0.05288880690932274,1,0,2487,3
3338,False,1,1,0,0.05443199397996068,1,0,2487,3
3339,False,1,1,0,0.05048366007395089,1,0,2487,3
3340,False,1,1,0,0.05005579499993473,1,0,2487,3
3341,False,1,1,0,0.04984669201076031,1,0,2487,3
3342,False,1,1,0,0.04927135701291263,1,0,2487,3
3343,False,1,1,0,0.04907504690345377,1,0,2487,3
3344,False,1,1,0,0.049842627020552754,1,0,2487,3
3345,False,1,1,0,0.049192024976946414,1,0,2487,3
3346,False,1,1,0,0.04914366302546114,1,0,2487,3
3347,False,1,1,0,0.05116470903158188,1,0,2487,3
3348,False,1,1,0,0.04926146403886378,1,0,2487,3
3349,False,1,1,0,0.04976182302925736,1,0,2487,3
3350,False,1,1,0,0.04922150494530797,1,0,2487,3
3351,False,1,1,0,0.049391523003578186,1,0,2487,3
3352,False,1,1,0,0.049074145033955574,1,0,2487,3
3353,False,1,1,0,0.04935330606531352,1,0,2487,3
3354,False,1,1,0,0.04941958491690457,1,0,2487,3
3355,False,1,1,0,0.049057689029723406,1,0,2487,3
3356,False,1,1,0,0.049450085032731295,1,0,2487,3
3357,False,1,1,0,0.05094560899306089,1,0,2487,3
3358,False,1,1,0,0.052631838945671916,1,0,2487,3
3359,False,1,1,0,0.05335909698624164,1,0,2487,3
3360,False,1,1,0,0.04961498896591365,1,0,2487,3
3361,False,1,1,0,0.04980521206744015,1,0,2487,3
3362,False,1,1,0,0.04949048289563507,1,0,2487,3
3363,False,1,1,0,0.049294555094093084,1,0,2487,3
3364,False,1,1,0,0.04944352898746729,1,0,2487,3
3365,False,1,1,0,0.0523046359885484,1,0,2487,3
3366,False,1,1,0,0.04975167603697628,1,0,2487,3
3367,False,1,1,0,0.04954481194727123,1,0,2487,3
3368,False,1,1,0,0.05019337800331414,1,0,2487,3
3369,False,1,1,0,0.04968984704464674,1,0,2487,3
3370,False,1,1,0,0.04972157790325582,1,0,2487,3
3371,False,1,1,0,0.04958460608031601,1,0,2487,3
3372,False,1,1,0,0.05127146502491087,1,0,2487,3
3373,False,1,1,0,0.04988627997227013,1,0,2487,3
3374,False,1,1,0,0.050245071994140744,1,0,2487,3
3375,False,1,1,0,0.04986675700638443,1,0,2487,3
3376,False,1,1,0,0.0508009820478037,1,0,2487,3
3377,False,1,1,0,0.05282166902907193,1,0,2487,3
3378,False,1,1,0,0.049706586985848844,1,0,2487,3
3379,False,1,1,0,0.05024053901433945,1,0,2487,3
3380,False,1,1,0,0.049129697028547525,1,0,2487,3
3381,False,1,1,0,0.04955483402591199,1,0,2487,3
3382,False,1,1,0,0.049559634062461555,1,0,2487,3
3383,False,1,1,0,0.049246359965763986,1,0,2487,3
3384,False,1,1,0,0.049607950961217284,1,0,2487,3
3385,False,1,1,0,0.050015943008475006,1,0,2487,3
3386,False,1,1,0,0.04926999798044562,1,0,2487,3
3387,False,1,1,0,0.04983496305067092,1,0,2487,3
3388,False,1,1,0,0.04932850005570799,1,0,2487,3
3389,False,1,1,0,0.049470050958916545,1,0,2487,3
3390,False,1,1,0,0.05000555492006242,1,0,2487,3
3391,False,1,1,0,0.04912458499893546,1,0,2487,3
3392,False,1,1,0,0.049432515050284564,1,0,2487,3
3393,False,1,1,0,0.052082857000641525,1,0,2487,3
3394,False,1,1,0,0.054964454961009324,1,0,2487,3
3395,False,1,1,0,0.05269384605344385,1,0,2487,3
3396,False,1,1,0,0.0530816949903965,1,0,2487,3
3397,False,1,1,0,0.05582711799070239,1,0,2487,3
3398,False,1,1,0,0.0544539128895849,1,0,2487,3
3399,False,1,1,0,0.0501557249808684,1,0,2487,3
3400,False,1,1,0,0.04966921207960695,1,0,2487,3
3401,False,1,1,0,0.049776619067415595,1,0,2487,3
3402,False,1,1,0,0.04977471998427063,1,0,2487,3
3403,False,1,1,0,0.04921107704285532,1,0,2487,3
3404,False,1,1,0,0.05319499201141298,1,0,2487,3
3405,False,1,1,0,0.06284027302172035,1,0,2487,3
3406,False,1,1,0,0.06486453395336866,1,0,2487,3
3407,False,1,1,0,0.062213307013735175,1,0,2487,3
3408,False,1,1,0,0.05187422700691968,1,0,2487,3
3409,False,1,1,0,0.05158423201646656,1,0,2487,3
3410,False,1,1,0,0.04947129706852138,1,0,2487,3
3411,False,1,1,0,0.04947805602569133,1,0,2487,3
3412,False,1,1,0,0.05067024694290012,1,0,2487,3
3413,False,1,1,0,0.04971728497184813,1,0,2487,3
3414,False,1,1,0,0.050143669941462576,1,0,2487,3
3415,False,1,1,0,0.05041083903051913,1,0,2487,3
3416,False,1,1,0,0.04961594403721392,1,0,2487,3
3417,False,1,1,0,0.04935313097666949,1,0,2487,3
3418,False,1,1,0,0.052423079032450914,1,0,2487,3
3419,False,1,1,0,0.049374378053471446,1,0,2487,3
3420,False,1,1,0,0.04971404909156263,1,0,2487,3
3421,False,1,1,0,0.04947920504491776,1,0,2487,3
3422,False,1,1,0,0.049613100942224264,1,0,2487,3
3423,False,1,1,0,0.049769415985792875,1,0,2487,3
3424,False,1,1,0,0.05214924504980445,1,0,2487,3
3425,False,1,1,0,0.049588433932513,1,0,2487,3
3426,False,1,1,0,0.04947422805707902,1,0,2487,3
3427,False,1,1,0,0.04936786298640072,1,0,2487,3
3428,False,1,1,0,0.04913215700071305,1,0,2487,3
3429,False,1,1,0,0.04965150891803205,1,0,2487,3
3430,False,1,1,0,0.049475464038550854,1,0,2487,3
3431,False,1,1,0,0.04992449004203081,1,0,2487,3
3432,False,1,1,0,0.04947686998639256,1,0,2487,3
3433,False,1,1,0,0.0497033279389143,1,0,2487,3
3434,False,1,1,0,0.04928174300584942,1,0,2487,3
3435,False,1,1,0,0.05190289404708892,1,0,2487,3
3436,False,1,1,0,0.0553312849951908,1,0,2487,3
3437,False,1,1,0,0.05347248702310026,1,0,2487,3
3438,False,1,1,0,0.0508893730584532,1,0,2487,3
3439,False,1,1,0,0.04985814401879907,1,0,2487,3
3440,False,1,1,0,0.04955029801931232,1,0,2487,3
3441,False,1,1,0,0.04913586191833019,1,0,2487,3
3442,False,1,1,0,0.0492620540317148,1,0,2487,3
3443,False,1,1,0,0.04925453697796911,1,0,2487,3
3444,False,1,1,0,0.04955143900588155,1,0,2487,3
3445,False,1,1,0,0.050299002090469,1,0,2487,3
3446,False,1,1,0,0.05142641207203269,1,0,2487,3
3447,False,1,1,0,0.0522427789401263,1,0,2487,3
3448,False,1,1,0,0.05055887601338327,1,0,2487,3
3449,False,1,1,0,0.05058335291687399,1,0,2487,3
3450,False,1,1,0,0.049497934989631176,1,0,2487,3
3451,False,1,1,0,0.049327214946970344,1,0,2487,3
3452,False,1,1,0,0.05111045006196946,1,0,2487,3
3453,False,1,1,0,0.04954001004807651,1,0,2487,3
3454,False,1,1,0,0.049288442940451205,1,0,2487,3
3455,False,1,1,0,0.05330411298200488,0,0,2490,0
3456,True,1,512,0,0.04897937399800867,1,0,2488,2
3457,False,1,1,0,0.05292879405897111,1,0,2487,3
3458,False,1,1,0,0.050089464988559484,1,0,2487,3
3459,False,1,1,0,0.04959795298054814,1,0,2487,3
3460,False,1,1,0,0.0501150720519945,1,0,2487,3
3461,False,1,1,0,0.04963532602414489,1,0,2487,3
3462,False,1,1,0,0.04959496296942234,1,0,2487,3
3463,False,1,1,0,0.04934588202740997,1,0,2487,3
3464,False,1,1,0,0.05085678002797067,1,0,2487,3
3465,False,1,1,0,0.04956541699357331,1,0,2487,3
3466,False,1,1,0,0.049537797924131155,1,0,2487,3
3467,False,1,1,0,0.04954361205454916,1,0,2487,3
3468,False,1,1,0,0.049213230959139764,1,0,2487,3
3469,False,1,1,0,0.05003774107899517,1,0,2487,3
3470,False,1,1,0,0.050687070935964584,1,0,2487,3
3471,False,1,1,0,0.049405499012209475,1,0,2487,3
3472,False,1,1,0,0.05011480406392366,1,0,2487,3
3473,False,1,1,0,0.04945097805466503,1,0,2487,3
3474,False,1,1,0,0.04974470799788833,1,0,2487,3
3475,False,1,1,0,0.05200517596676946,1,0,2487,3
3476,False,1,1,0,0.051153033040463924,1,0,2487,3
3477,False,1,1,0,0.04986975097563118,1,0,2487,3
3478,False,1,1,0,0.049484345014207065,1,0,2487,3
3479,False,1,1,0,0.052508375025354326,1,0,2487,3
3480,False,1,1,0,0.05487627105321735,1,0,2487,3
3481,False,1,1,0,0.05794202594552189,1,0,2487,3
3482,False,1,1,0,0.05657526501454413,1,0,2487,3
3483,False,1,1,0,0.05378077307250351,1,0,2487,3
3484,False,1,1,0,0.05169969203416258,1,0,2487,3
3485,False,1,1,0,0.05068117694463581,1,0,2487,3
3486,False,1,1,0,0.04926929099019617,1,0,2487,3
3487,False,1,1,0,0.04936528205871582,1,0,2487,3
3488,False,1,1,0,0.049607023014687,1,0,2487,3
3489,False,1,1,0,0.04967104003299028,1,0,2487,3
3490,False,1,1,0,0.04954592604190111,1,0,2487,3
3491,False,1,1,0,0.0494533620076254,1,0,2487,3
3492,False,1,1,0,0.04937534499913454,1,0,2487,3
3493,False,1,1,0,0.04940924094989896,1,0,2487,3
3494,False,1,1,0,0.04996607103385031,1,0,2487,3
3495,False,1,1,0,0.0519752730615437,1,0,2487,3
3496,False,1,1,0,0.050043795024976134,1,0,2487,3
3497,False,1,1,0,0.049570376984775066,1,0,2487,3
3498,False,1,1,0,0.04929862602148205,1,0,2487,3
3499,False,1,1,0,0.05023502709809691,1,0,2487,3
3500,False,1,1,0,0.04962124093435705,1,0,2487,3
3501,False,1,1,0,0.049348406959325075,1,0,2487,3
3502,False,1,1,0,0.04939828207716346,1,0,2487,3
3503,False,1,1,0,0.04973416810389608,1,0,2487,3
3504,False,1,1,0,0.0495101009728387,1,0,2487,3
3505,False,1,1,0,0.05015321297105402,1,0,2487,3
3506,False,1,1,0,0.049160153954289854,1,0,2487,3
3507,False,1,1,0,0.049540759064257145,1,0,2487,3
3508,False,1,1,0,0.04955506499391049,1,0,2487,3
3509,False,1,1,0,0.049353447975590825,1,0,2487,3
3510,False,1,1,0,0.049194723018445075,1,0,2487,3
3511,False,1,1,0,0.04972711205482483,1,0,2487,3
3512,False,1,1,0,0.05069896497298032,1,0,2487,3
3513,False,1,1,0,0.049158415058627725,1,0,2487,3
3514,False,1,1,0,0.049606118933297694,1,0,2487,3
3515,False,1,1,0,0.051008416106924415,1,0,2487,3
3516,False,1,1,0,0.052233582944609225,1,0,2487,3
3517,False,1,1,0,0.049721502931788564,1,0,2487,3
3518,False,1,1,0,0.04988763900473714,1,0,2487,3
3519,False,1,1,0,0.05006060691084713,1,0,2487,3
3520,False,1,1,0,0.04997429205104709,1,0,2487,3
3521,False,1,1,0,0.04896337492391467,1,0,2487,3
3522,False,1,1,0,0.04915858991444111,1,0,2487,3
3523,False,1,1,0,0.04963146196678281,1,0,2487,3
3524,False,1,1,0,0.049723232979886234,1,0,2487,3
3525,False,1,1,0,0.04949241993017495,1,0,2487,3
3526,False,1,1,0,0.049990482977591455,1,0,2487,3
3527,False,1,1,0,0.04952362994663417,1,0,2487,3
3528,False,1,1,0,0.05005912703927606,1,0,2487,3
3529,False,1,1,0,0.05204094504006207,1,0,2487,3
3530,False,1,1,0,0.0632019970798865,1,0,2487,3
3531,False,1,1,0,0.06190624402370304,1,0,2487,3
3532,False,1,1,0,0.056239261059090495,1,0,2487,3
3533,False,1,1,0,0.05245295399799943,1,0,2487,3
3534,False,1,1,0,0.05477369297295809,1,0,2487,3
3535,False,1,1,0,0.05432885303162038,1,0,2487,3
3536,False,1,1,0,0.051937832962721586,1,0,2487,3
3537,False,1,1,0,0.04964252398349345,1,0,2487,3
3538,False,1,1,0,0.04958104807883501,1,0,2487,3
3539,False,1,1,0,0.04951131797861308,1,0,2487,3
3540,False,1,1,0,0.04919586598407477,1,0,2487,3
3541,False,1,1,0,0.04930964601226151,1,0,2487,3
3542,False,1,1,0,0.04940238199196756,1,0,2487,3
3543,False,1,1,0,0.05079472693614662,1,0,2487,3
3544,False,1,1,0,0.052000543917529285,1,0,2487,3
3545,False,1,1,0,0.04992570204194635,1,0,2487,3
3546,False,1,1,0,0.0498040730599314,1,0,2487,3
3547,False,1,1,0,0.04949821892660111,1,0,2487,3
3548,False,1,1,0,0.0490943300537765,1,0,2487,3
3549,False,1,1,0,0.049121575080789626,1,0,2487,3
3550,False,1,1,0,0.0492400280199945,1,0,2487,3
3551,False,1,1,0,0.04970390896778554,1,0,2487,3
3552,False,1,1,0,0.04919483698904514,1,0,2487,3
3553,False,1,1,0,0.05049418599810451,1,0,2487,3
3554,False,1,1,0,0.05097767501138151,1,0,2487,3
3555,False,1,1,0,0.05229355790652335,1,0,2487,3
3556,False,1,1,0,0.05398597999010235,1,0,2487,3
3557,False,1,1,0,0.04981878097169101,1,0,2487,3
3558,False,1,1,0,0.04947051696944982,1,0,2487,3
3559,False,1,1,0,0.04939367703627795,1,0,2487,3
3560,False,1,1,0,0.04939481499604881,1,0,2487,3
3561,False,1,1,0,0.049382542027160525,1,0,2487,3
3562,False,1,1,0,0.04974647902417928,1,0,2487,3
3563,False,1,1,0,0.04964082804508507,1,0,2487,3
3564,False,1,1,0,0.049758165958337486,1,0,2487,3
3565,False,1,1,0,0.051193805993534625,1,0,2487,3
3566,False,1,1,0,0.05314841808285564,1,0,2487,3
3567,False,1,1,0,0.06106155796442181,1,0,2487,3
3568,False,1,1,0,0.06346546404529363,1,0,2487,3
3569,False,1,1,0,0.05388722405768931,1,0,2487,3
3570,False,1,1,0,0.05198477196972817,1,0,2487,3
3571,False,1,1,0,0.049919201992452145,1,0,2487,3
3572,False,1,1,0,0.05022965604439378,1,0,2487,3
3573,False,1,1,0,0.050443802960217,1,0,2487,3
3574,False,1,1,0,0.04924636799842119,1,0,2487,3
3575,False,1,1,0,0.05078375502489507,1,0,2487,3
3576,False,1,1,0,0.051465122029185295,1,0,2487,3
3577,False,1,1,0,0.04946668504271656,1,0,2487,3
3578,False,1,1,0,0.049721524002961814,1,0,2487,3
3579,False,1,1,0,0.04935315204784274,1,0,2487,3
3580,False,1,1,0,0.04961192305199802,1,0,2487,3
3581,False,1,1,0,0.04903879901394248,1,0,2487,3
3582,False,1,1,0,0.049769477103836834,1,0,2487,3
3583,False,1,1,0,0.05014442792162299,0,0,2490,0
3584,True,1,512,0,0.04705965705215931,1,0,2488,2
3585,False,1,1,0,0.04917110304813832,1,0,2487,3
3586,False,1,1,0,0.04974527808371931,1,0,2487,3
3587,False,1,1,0,0.049660500953905284,1,0,2487,3
3588,False,1,1,0,0.04945583699736744,1,0,2487,3
3589,False,1,1,0,0.04933011101093143,1,0,2487,3
3590,False,1,1,0,0.04974944703280926,1,0,2487,3
3591,False,1,1,0,0.05043067201040685,1,0,2487,3
3592,False,1,1,0,0.04970807605423033,1,0,2487,3
3593,False,1,1,0,0.05388389993458986,1,0,2487,3
3594,False,1,1,0,0.05208888102788478,1,0,2487,3
3595,False,1,1,0,0.05050085310358554,1,0,2487,3
3596,False,1,1,0,0.04976095794700086,1,0,2487,3
3597,False,1,1,0,0.049519218038767576,1,0,2487,3
3598,False,1,1,0,0.04946689703501761,1,0,2487,3
3599,False,1,1,0,0.04923757095821202,1,0,2487,3
3600,False,1,1,0,0.04973281605634838,1,0,2487,3
3601,False,1,1,0,0.04918503493536264,1,0,2487,3
3602,False,1,1,0,0.04964245401788503,1,0,2487,3
3603,False,1,1,0,0.05128124507609755,1,0,2487,3
3604,False,1,1,0,0.049483716022223234,1,0,2487,3
3605,False,1,1,0,0.04969781206455082,1,0,2487,3
3606,False,1,1,0,0.0493678820785135,1,0,2487,3
3607,False,1,1,0,0.05096763093024492,1,0,2487,3
3608,False,1,1,0,0.049483082024380565,1,0,2487,3
3609,False,1,1,0,0.04920489597134292,1,0,2487,3
3610,False,1,1,0,0.04926310502924025,1,0,2487,3
3611,False,1,1,0,0.049981057993136346,1,0,2487,3
3612,False,1,1,0,0.04941819002851844,1,0,2487,3
3613,False,1,1,0,0.051719721988774836,1,0,2487,3
3614,False,1,1,0,0.05005109997000545,1,0,2487,3
3615,False,1,1,0,0.051929717999882996,1,0,2487,3
3616,False,1,1,0,0.049491296987980604,1,0,2487,3
3617,False,1,1,0,0.04993807594291866,1,0,2487,3
3618,False,1,1,0,0.04932342795655131,1,0,2487,3
3619,False,1,1,0,0.04987952800001949,1,0,2487,3
3620,False,1,1,0,0.049197610933333635,1,0,2487,3
3621,False,1,1,0,0.04941982903983444,1,0,2487,3
3622,False,1,1,0,0.04977161600254476,1,0,2487,3
3623,False,1,1,0,0.04979078704491258,1,0,2487,3
3624,False,1,1,0,0.050182368024252355,1,0,2487,3
3625,False,1,1,0,0.04952553100883961,1,0,2487,3
3626,False,1,1,0,0.049208251060917974,1,0,2487,3
3627,False,1,1,0,0.04944310407154262,1,0,2487,3
3628,False,1,1,0,0.04995946504641324,1,0,2487,3
3629,False,1,1,0,0.04932515893597156,1,0,2487,3
3630,False,1,1,0,0.04931425105314702,1,0,2487,3
3631,False,1,1,0,0.05020774807780981,1,0,2487,3
3632,False,1,1,0,0.05026951094623655,1,0,2487,3
3633,False,1,1,0,0.05313368700444698,1,0,2487,3
3634,False,1,1,0,0.0538045089924708,1,0,2487,3
3635,False,1,1,0,0.052729594986885786,1,0,2487,3
3636,False,1,1,0,0.04996825905982405,1,0,2487,3
3637,False,1,1,0,0.0499277749331668,1,0,2487,3
3638,False,1,1,0,0.04984541202429682,1,0,2487,3
3639,False,1,1,0,0.049637175048701465,1,0,2487,3
3640,False,1,1,0,0.049900009064003825,1,0,2487,3
3641,False,1,1,0,0.049309091991744936,1,0,2487,3
3642,False,1,1,0,0.04962653899565339,1,0,2487,3
3643,False,1,1,0,0.04959029296878725,1,0,2487,3
3644,False,1,1,0,0.04934092902112752,1,0,2487,3
3645,False,1,1,0,0.049879922065883875,1,0,2487,3
3646,False,1,1,0,0.04941178497392684,1,0,2487,3
3647,False,1,1,0,0.049517087056301534,1,0,2487,3
3648,False,1,1,0,0.049268580973148346,1,0,2487,3
3649,False,1,1,0,0.049453351995907724,1,0,2487,3
3650,False,1,1,0,0.049527814029715955,1,0,2487,3
3651,False,1,1,0,0.05181378801353276,1,0,2487,3
3652,False,1,1,0,0.050677550956606865,1,0,2487,3
3653,False,1,1,0,0.05723035300616175,1,0,2487,3
3654,False,1,1,0,0.07137799297925085,1,0,2487,3
3655,False,1,1,0,0.0753764109686017,1,0,2487,3
3656,False,1,1,0,0.06423611205536872,1,0,2487,3
3657,False,1,1,0,0.05434965202584863,1,0,2487,3
3658,False,1,1,0,0.051412601955235004,1,0,2487,3
3659,False,1,1,0,0.05004785396158695,1,0,2487,3
3660,False,1,1,0,0.04976474307477474,1,0,2487,3
3661,False,1,1,0,0.05016471596900374,1,0,2487,3
3662,False,1,1,0,0.050411231932230294,1,0,2487,3
3663,False,1,1,0,0.04935724299866706,1,0,2487,3
3664,False,1,1,0,0.04941304097883403,1,0,2487,3
3665,False,1,1,0,0.04939219600055367,1,0,2487,3
3666,False,1,1,0,0.04934752790722996,1,0,2487,3
3667,False,1,1,0,0.04986331099644303,1,0,2487,3
3668,False,1,1,0,0.049259621067903936,1,0,2487,3
3669,False,1,1,0,0.04955563601106405,1,0,2487,3
3670,False,1,1,0,0.049774140934459865,1,0,2487,3
3671,False,1,1,0,0.051971873035654426,1,0,2487,3
3672,False,1,1,0,0.05142028501722962,1,0,2487,3
3673,False,1,1,0,0.04983178898692131,1,0,2487,3
3674,False,1,1,0,0.049875409924425185,1,0,2487,3
3675,False,1,1,0,0.04938250605482608,1,0,2487,3
3676,False,1,1,0,0.05045504798181355,1,0,2487,3
3677,False,1,1,0,0.049845420056954026,1,0,2487,3
3678,False,1,1,0,0.04995113902259618,1,0,2487,3
3679,False,1,1,0,0.04967472597490996,1,0,2487,3
3680,False,1,1,0,0.05046713491901755,1,0,2487,3
3681,False,1,1,0,0.04971751698758453,1,0,2487,3
3682,False,1,1,0,0.049466790980659425,1,0,2487,3
3683,False,1,1,0,0.04952341900207102,1,0,2487,3
3684,False,1,1,0,0.049573109950870275,1,0,2487,3
3685,False,1,1,0,0.0516907109413296,1,0,2487,3
3686,False,1,1,0,0.049858546000905335,1,0,2487,3
3687,False,1,1,0,0.04908172902651131,1,0,2487,3
3688,False,1,1,0,0.049271670053713024,1,0,2487,3
3689,False,1,1,0,0.04916924191638827,1,0,2487,3
3690,False,1,1,0,0.049364389036782086,1,0,2487,3
3691,False,1,1,0,0.050015493063256145,1,0,2487,3
3692,False,1,1,0,0.053110162960365415,1,0,2487,3
3693,False,1,1,0,0.04965210903901607,1,0,2487,3
3694,False,1,1,0,0.05176767206285149,1,0,2487,3
3695,False,1,1,0,0.05020374897867441,1,0,2487,3
3696,False,1,1,0,0.05012393300421536,1,0,2487,3
3697,False,1,1,0,0.049596946919336915,1,0,2487,3
3698,False,1,1,0,0.049865434993989766,1,0,2487,3
3699,False,1,1,0,0.04941679595503956,1,0,2487,3
3700,False,1,1,0,0.05046749208122492,1,0,2487,3
3701,False,1,1,0,0.0492896749638021,1,0,2487,3
3702,False,1,1,0,0.04954975505825132,1,0,2487,3
3703,False,1,1,0,0.04931082890834659,1,0,2487,3
3704,False,1,1,0,0.049342565005645156,1,0,2487,3
3705,False,1,1,0,0.049379792995750904,1,0,2487,3
3706,False,1,1,0,0.049493023892864585,1,0,2487,3
3707,False,1,1,0,0.049173027044162154,1,0,2487,3
3708,False,1,1,0,0.04962024698033929,1,0,2487,3
3709,False,1,1,0,0.04947321501094848,1,0,2487,3
3710,False,1,1,0,0.0496809909818694,1,0,2487,3
3711,False,1,1,0,0.04956243094056845,0,0,2490,0
3712,True,1,512,0,0.0496925130719319,1,0,2488,2
3713,False,1,1,0,0.049393547931686044,1,0,2487,3
3714,False,1,1,0,0.04974891897290945,1,0,2487,3
3715,False,1,1,0,0.04996992996893823,1,0,2487,3
3716,False,1,1,0,0.04949055693577975,1,0,2487,3
3717,False,1,1,0,0.049393863999284804,1,0,2487,3
3718,False,1,1,0,0.04899129003752023,1,0,2487,3
3719,False,1,1,0,0.04952039394993335,1,0,2487,3
3720,False,1,1,0,0.049468209967017174,1,0,2487,3
3721,False,1,1,0,0.04944991401862353,1,0,2487,3
3722,False,1,1,0,0.05058020108845085,1,0,2487,3
3723,False,1,1,0,0.049207777017727494,1,0,2487,3
3724,False,1,1,0,0.04918438196182251,1,0,2487,3
3725,False,1,1,0,0.04956717591267079,1,0,2487,3
3726,False,1,1,0,0.049231356009840965,1,0,2487,3
3727,False,1,1,0,0.048979326034896076,1,0,2487,3
3728,False,1,1,0,0.0493816330563277,1,0,2487,3
3729,False,1,1,0,0.049457738059572875,1,0,2487,3
3730,False,1,1,0,0.050021939910948277,1,0,2487,3
3731,False,1,1,0,0.04986361798364669,1,0,2487,3
3732,False,1,1,0,0.0511887640459463,1,0,2487,3
3733,False,1,1,0,0.05378669803030789,1,0,2487,3
3734,False,1,1,0,0.06152639398351312,1,0,2487,3
3735,False,1,1,0,0.054470342001877725,1,0,2487,3
3736,False,1,1,0,0.050264216028153896,1,0,2487,3
3737,False,1,1,0,0.05040657601784915,1,0,2487,3
3738,False,1,1,0,0.050057976972311735,1,0,2487,3
3739,False,1,1,0,0.05173514795023948,1,0,2487,3
3740,False,1,1,0,0.05407840898260474,1,0,2487,3
3741,False,1,1,0,0.05549720593262464,1,0,2487,3
3742,False,1,1,0,0.056244659004732966,1,0,2487,3
3743,False,1,1,0,0.05175196402706206,1,0,2487,3
3744,False,1,1,0,0.049817594001069665,1,0,2487,3
3745,False,1,1,0,0.049279042053967714,1,0,2487,3
3746,False,1,1,0,0.049220269080251455,1,0,2487,3
3747,False,1,1,0,0.04917577002197504,1,0,2487,3
3748,False,1,1,0,0.04955013107974082,1,0,2487,3
3749,False,1,1,0,0.04930030007380992,1,0,2487,3
3750,False,1,1,0,0.04944928898476064,1,0,2487,3
3751,False,1,1,0,0.05003599193878472,1,0,2487,3
3752,False,1,1,0,0.04993403994012624,1,0,2487,3
3753,False,1,1,0,0.05333685199730098,1,0,2487,3
3754,False,1,1,0,0.051840677042491734,1,0,2487,3
3755,False,1,1,0,0.04968460404779762,1,0,2487,3
3756,False,1,1,0,0.049731938051991165,1,0,2487,3
3757,False,1,1,0,0.04933524690568447,1,0,2487,3
3758,False,1,1,0,0.050257102004252374,1,0,2487,3
3759,False,1,1,0,0.04951603303197771,1,0,2487,3
3760,False,1,1,0,0.050077292951755226,1,0,2487,3
3761,False,1,1,0,0.04951238806825131,1,0,2487,3
3762,False,1,1,0,0.049788888078182936,1,0,2487,3
3763,False,1,1,0,0.05047576897777617,1,0,2487,3
3764,False,1,1,0,0.04923855001106858,1,0,2487,3
3765,False,1,1,0,0.0497370189987123,1,0,2487,3
3766,False,1,1,0,0.049467209028080106,1,0,2487,3
3767,False,1,1,0,0.04928411997389048,1,0,2487,3
3768,False,1,1,0,0.04957144893705845,1,0,2487,3
3769,False,1,1,0,0.04943621903657913,1,0,2487,3
3770,False,1,1,0,0.049583993037231266,1,0,2487,3
3771,False,1,1,0,0.052228938904590905,1,0,2487,3
3772,False,1,1,0,0.04958695394452661,1,0,2487,3
3773,False,1,1,0,0.050772688002325594,1,0,2487,3
3774,False,1,1,0,0.051696734968572855,1,0,2487,3
3775,False,1,1,0,0.051190013997256756,1,0,2487,3
3776,False,1,1,0,0.049388715997338295,1,0,2487,3
3777,False,1,1,0,0.0507551230257377,1,0,2487,3
3778,False,1,1,0,0.05724620295222849,1,0,2487,3
3779,False,1,1,0,0.066532809054479,1,0,2487,3
3780,False,1,1,0,0.06335511698853225,1,0,2487,3
3781,False,1,1,0,0.05609311303123832,1,0,2487,3
3782,False,1,1,0,0.05309199297334999,1,0,2487,3
3783,False,1,1,0,0.05043255595955998,1,0,2487,3
3784,False,1,1,0,0.05007235403172672,1,0,2487,3
3785,False,1,1,0,0.04972111701499671,1,0,2487,3
3786,False,1,1,0,0.0495118050603196,1,0,2487,3
3787,False,1,1,0,0.050201418926008046,1,0,2487,3
3788,False,1,1,0,0.049830005038529634,1,0,2487,3
3789,False,1,1,0,0.05056858900934458,1,0,2487,3
3790,False,1,1,0,0.053910349030047655,1,0,2487,3
3791,False,1,1,0,0.052331358077935874,1,0,2487,3
3792,False,1,1,0,0.05053880496416241,1,0,2487,3
3793,False,1,1,0,0.04978233703877777,1,0,2487,3
3794,False,1,1,0,0.05001810204703361,1,0,2487,3
3795,False,1,1,0,0.049770395969972014,1,0,2487,3
3796,False,1,1,0,0.04999282502103597,1,0,2487,3
3797,False,1,1,0,0.049625794985331595,1,0,2487,3
3798,False,1,1,0,0.05042489303741604,1,0,2487,3
3799,False,1,1,0,0.04945948498789221,1,0,2487,3
3800,False,1,1,0,0.04981172305997461,1,0,2487,3
3801,False,1,1,0,0.04969045997131616,1,0,2487,3
3802,False,1,1,0,0.049625229090452194,1,0,2487,3
3803,False,1,1,0,0.04965513292700052,1,0,2487,3
3804,False,1,1,0,0.050442100036889315,1,0,2487,3
3805,False,1,1,0,0.04938264505472034,1,0,2487,3
3806,False,1,1,0,0.04904818499926478,1,0,2487,3
3807,False,1,1,0,0.04930872796103358,1,0,2487,3
3808,False,1,1,0,0.04919315897859633,1,0,2487,3
3809,False,1,1,0,0.05075143801514059,1,0,2487,3
3810,False,1,1,0,0.054129251977428794,1,0,2487,3
3811,False,1,1,0,0.04965874901972711,1,0,2487,3
3812,False,1,1,0,0.05027593404520303,1,0,2487,3
3813,False,1,1,0,0.05028173001483083,1,0,2487,3
3814,False,1,1,0,0.04976421198807657,1,0,2487,3
3815,False,1,1,0,0.04950188705697656,1,0,2487,3
3816,False,1,1,0,0.04979614308103919,1,0,2487,3
3817,False,1,1,0,0.04947168403305113,1,0,2487,3
3818,False,1,1,0,0.04932257498148829,1,0,2487,3
3819,False,1,1,0,0.04936215199995786,1,0,2487,3
3820,False,1,1,0,0.04968915204517543,1,0,2487,3
3821,False,1,1,0,0.04941730899736285,1,0,2487,3
3822,False,1,1,0,0.049505666946060956,1,0,2487,3
3823,False,1,1,0,0.04911661904770881,1,0,2487,3
3824,False,1,1,0,0.049380233976989985,1,0,2487,3
3825,False,1,1,0,0.05206835991702974,1,0,2487,3
3826,False,1,1,0,0.05866541597060859,1,0,2487,3
3827,False,1,1,0,0.058131579076871276,1,0,2487,3
3828,False,1,1,0,0.053407560917548835,1,0,2487,3
3829,False,1,1,0,0.052782223909161985,1,0,2487,3
3830,False,1,1,0,0.05491168610751629,1,0,2487,3
3831,False,1,1,0,0.05520146002527326,1,0,2487,3
3832,False,1,1,0,0.05079294298775494,1,0,2487,3
3833,False,1,1,0,0.05112520698457956,1,0,2487,3
3834,False,1,1,0,0.049641523975878954,1,0,2487,3
3835,False,1,1,0,0.049585008062422276,1,0,2487,3
3836,False,1,1,0,0.0492694879649207,1,0,2487,3
3837,False,1,1,0,0.05009337398223579,1,0,2487,3
3838,False,1,1,0,0.05093579099047929,1,0,2487,3
3839,False,1,1,0,0.05118632793892175,0,0,2490,0
3840,True,1,512,0,0.04788194689899683,1,0,2488,2
3841,False,1,1,0,0.05056427197996527,1,0,2487,3
3842,False,1,1,0,0.04987588000949472,1,0,2487,3
3843,False,1,1,0,0.04957675200421363,1,0,2487,3
3844,False,1,1,0,0.04977125208824873,1,0,2487,3
3845,False,1,1,0,0.049819115083664656,1,0,2487,3
3846,False,1,1,0,0.049794712918810546,1,0,2487,3
3847,False,1,1,0,0.05043642595410347,1,0,2487,3
3848,False,1,1,0,0.04967578803189099,1,0,2487,3
3849,False,1,1,0,0.054255037917755544,1,0,2487,3
3850,False,1,1,0,0.05040088389068842,1,0,2487,3
3851,False,1,1,0,0.05391240702010691,1,0,2487,3
3852,False,1,1,0,0.05127742199692875,1,0,2487,3
3853,False,1,1,0,0.04990304203238338,1,0,2487,3
3854,False,1,1,0,0.04971094196662307,1,0,2487,3
3855,False,1,1,0,0.04939103510696441,1,0,2487,3
3856,False,1,1,0,0.049352359026670456,1,0,2487,3
3857,False,1,1,0,0.049534718971699476,1,0,2487,3
3858,False,1,1,0,0.04986360692419112,1,0,2487,3
3859,False,1,1,0,0.05003308202140033,1,0,2487,3
3860,False,1,1,0,0.05048184795305133,1,0,2487,3
3861,False,1,1,0,0.04963221191428602,1,0,2487,3
3862,False,1,1,0,0.04945337201934308,1,0,2487,3
3863,False,1,1,0,0.049813856021501124,1,0,2487,3
3864,False,1,1,0,0.05065565591212362,1,0,2487,3
3865,False,1,1,0,0.050026478013023734,1,0,2487,3
3866,False,1,1,0,0.0503401979804039,1,0,2487,3
3867,False,1,1,0,0.049699745955877006,1,0,2487,3
3868,False,1,1,0,0.04991585807874799,1,0,2487,3
3869,False,1,1,0,0.05523550102952868,1,0,2487,3
3870,False,1,1,0,0.05305316299200058,1,0,2487,3
3871,False,1,1,0,0.050289904000237584,1,0,2487,3
3872,False,1,1,0,0.04965567297767848,1,0,2487,3
3873,False,1,1,0,0.049882663995958865,1,0,2487,3
3874,False,1,1,0,0.04963267804123461,1,0,2487,3
3875,False,1,1,0,0.05155195400584489,1,0,2487,3
3876,False,1,1,0,0.0499027919722721,1,0,2487,3
3877,False,1,1,0,0.04967153200414032,1,0,2487,3
3878,False,1,1,0,0.04984564601909369,1,0,2487,3
3879,False,1,1,0,0.05123225995339453,1,0,2487,3
3880,False,1,1,0,0.05047311901580542,1,0,2487,3
3881,False,1,1,0,0.05115422804374248,1,0,2487,3
3882,False,1,1,0,0.04990769096184522,1,0,2487,3
3883,False,1,1,0,0.051083702011965215,1,0,2487,3
3884,False,1,1,0,0.049691385007463396,1,0,2487,3
3885,False,1,1,0,0.04930834996048361,1,0,2487,3
3886,False,1,1,0,0.04935375100467354,1,0,2487,3
3887,False,1,1,0,0.04945280705578625,1,0,2487,3
3888,False,1,1,0,0.049754422972910106,1,0,2487,3
3889,False,1,1,0,0.05031438602600247,1,0,2487,3
3890,False,1,1,0,0.05210704100318253,1,0,2487,3
3891,False,1,1,0,0.050375508959405124,1,0,2487,3
3892,False,1,1,0,0.05177944898605347,1,0,2487,3
3893,False,1,1,0,0.0499159520259127,1,0,2487,3
3894,False,1,1,0,0.04957984108477831,1,0,2487,3
3895,False,1,1,0,0.04909703100565821,1,0,2487,3
3896,False,1,1,0,0.04951590101700276,1,0,2487,3
3897,False,1,1,0,0.04954196198377758,1,0,2487,3
3898,False,1,1,0,0.04965852608438581,1,0,2487,3
3899,False,1,1,0,0.050173923023976386,1,0,2487,3
3900,False,1,1,0,0.05026513000484556,1,0,2487,3
3901,False,1,1,0,0.05253275204449892,1,0,2487,3
3902,False,1,1,0,0.054783741012215614,1,0,2487,3
3903,False,1,1,0,0.061047656927257776,1,0,2487,3
3904,False,1,1,0,0.06070753198582679,1,0,2487,3
3905,False,1,1,0,0.05265973892528564,1,0,2487,3
3906,False,1,1,0,0.052969289012253284,1,0,2487,3
3907,False,1,1,0,0.04952437407337129,1,0,2487,3
3908,False,1,1,0,0.05334766302257776,1,0,2487,3
3909,False,1,1,0,0.05160873499698937,1,0,2487,3
3910,False,1,1,0,0.050388347008265555,1,0,2487,3
3911,False,1,1,0,0.052174444892443717,1,0,2487,3
3912,False,1,1,0,0.05677170504350215,1,0,2487,3
3913,False,1,1,0,0.05449667398352176,1,0,2487,3
3914,False,1,1,0,0.05227775196544826,1,0,2487,3
3915,False,1,1,0,0.052629343001171947,1,0,2487,3
3916,False,1,1,0,0.0499682140070945,1,0,2487,3
3917,False,1,1,0,0.04990791797172278,1,0,2487,3
3918,False,1,1,0,0.04970978002529591,1,0,2487,3
3919,False,1,1,0,0.049867691937834024,1,0,2487,3
3920,False,1,1,0,0.0493996370350942,1,0,2487,3
3921,False,1,1,0,0.05020217795390636,1,0,2487,3
3922,False,1,1,0,0.049354442046023905,1,0,2487,3
3923,False,1,1,0,0.04966004891321063,1,0,2487,3
3924,False,1,1,0,0.04952583194244653,1,0,2487,3
3925,False,1,1,0,0.04935887397732586,1,0,2487,3
3926,False,1,1,0,0.04973577905911952,1,0,2487,3
3927,False,1,1,0,0.0512024579802528,1,0,2487,3
3928,False,1,1,0,0.05700591509230435,1,0,2487,3
3929,False,1,1,0,0.0541578900301829,1,0,2487,3
3930,False,1,1,0,0.051762776100076735,1,0,2487,3
3931,False,1,1,0,0.04996202699840069,1,0,2487,3
3932,False,1,1,0,0.050760805956088006,1,0,2487,3
3933,False,1,1,0,0.05002831504680216,1,0,2487,3
3934,False,1,1,0,0.04983574990183115,1,0,2487,3
3935,False,1,1,0,0.04945081193000078,1,0,2487,3
3936,False,1,1,0,0.04979429894592613,1,0,2487,3
3937,False,1,1,0,0.050350764067843556,1,0,2487,3
3938,False,1,1,0,0.05277844797819853,1,0,2487,3
3939,False,1,1,0,0.049676542985253036,1,0,2487,3
3940,False,1,1,0,0.04958730796352029,1,0,2487,3
3941,False,1,1,0,0.04915466392412782,1,0,2487,3
3942,False,1,1,0,0.04930267494637519,1,0,2487,3
3943,False,1,1,0,0.04964715300593525,1,0,2487,3
3944,False,1,1,0,0.04972954501863569,1,0,2487,3
3945,False,1,1,0,0.05003580101765692,1,0,2487,3
3946,False,1,1,0,0.0496642499929294,1,0,2487,3
3947,False,1,1,0,0.050515829003416,1,0,2487,3
3948,False,1,1,0,0.051794123952277005,1,0,2487,3
3949,False,1,1,0,0.054195125005207956,1,0,2487,3
3950,False,1,1,0,0.05217287200503051,1,0,2487,3
3951,False,1,1,0,0.05075695994310081,1,0,2487,3
3952,False,1,1,0,0.04952303599566221,1,0,2487,3
3953,False,1,1,0,0.049276715028099716,1,0,2487,3
3954,False,1,1,0,0.04933554807212204,1,0,2487,3
3955,False,1,1,0,0.049908902030438185,1,0,2487,3
3956,False,1,1,0,0.049416935071349144,1,0,2487,3
3957,False,1,1,0,0.049918033997528255,1,0,2487,3
3958,False,1,1,0,0.04974332102574408,1,0,2487,3
3959,False,1,1,0,0.05052524397615343,1,0,2487,3
3960,False,1,1,0,0.05128098791465163,1,0,2487,3
3961,False,1,1,0,0.049979989998973906,1,0,2487,3
3962,False,1,1,0,0.04930635401979089,1,0,2487,3
3963,False,1,1,0,0.049748586025089025,1,0,2487,3
3964,False,1,1,0,0.0497224290156737,1,0,2487,3
3965,False,1,1,0,0.04921571596059948,1,0,2487,3
3966,False,1,1,0,0.04933638696093112,1,0,2487,3
3967,False,1,1,0,0.051245815004222095,0,0,2490,0
3968,True,1,512,0,0.051308836904354393,1,0,2488,2
3969,False,1,1,0,0.05017345305532217,1,0,2487,3
3970,False,1,1,0,0.050377779989503324,1,0,2487,3
3971,False,1,1,0,0.0508652760181576,1,0,2487,3
3972,False,1,1,0,0.050185756059363484,1,0,2487,3
3973,False,1,1,0,0.05000014207325876,1,0,2487,3
3974,False,1,1,0,0.04955870297271758,1,0,2487,3
3975,False,1,1,0,0.05007715697865933,1,0,2487,3
3976,False,1,1,0,0.049632404930889606,1,0,2487,3
3977,False,1,1,0,0.050781972939148545,1,0,2487,3
3978,False,1,1,0,0.05022288695909083,1,0,2487,3
3979,False,1,1,0,0.050179188954643905,1,0,2487,3
3980,False,1,1,0,0.04948052193503827,1,0,2487,3
3981,False,1,1,0,0.04975554801058024,1,0,2487,3
3982,False,1,1,0,0.04962631897069514,1,0,2487,3
3983,False,1,1,0,0.04974746098741889,1,0,2487,3
3984,False,1,1,0,0.05006833700463176,1,0,2487,3
3985,False,1,1,0,0.0502728020073846,1,0,2487,3
3986,False,1,1,0,0.049630834022536874,1,0,2487,3
3987,False,1,1,0,0.05215753591619432,1,0,2487,3
3988,False,1,1,0,0.0527236619964242,1,0,2487,3
3989,False,1,1,0,0.05255405604839325,1,0,2487,3
3990,False,1,1,0,0.05222857603803277,1,0,2487,3
3991,False,1,1,0,0.051115637994371355,1,0,2487,3
3992,False,1,1,0,0.05160011304542422,1,0,2487,3
3993,False,1,1,0,0.050156100071035326,1,0,2487,3
3994,False,1,1,0,0.05009017791599035,1,0,2487,3
3995,False,1,1,0,0.049464431940577924,1,0,2487,3
3996,False,1,1,0,0.049933114903979,1,0,2487,3
3997,False,1,1,0,0.054423216031864285,1,0,2487,3
3998,False,1,1,0,0.05613441194873303,1,0,2487,3
3999,False,1,1,0,0.05498034507036209,1,0,2487,3
4000,False,1,1,0,0.054467182024382055,1,0,2487,3
4001,False,1,1,0,0.052209262968972325,1,0,2487,3
4002,False,1,1,0,0.04961923393420875,1,0,2487,3
4003,False,1,1,0,0.05005800002254546,1,0,2487,3
4004,False,1,1,0,0.049671032931655645,1,0,2487,3
4005,False,1,1,0,0.04992300400044769,1,0,2487,3
4006,False,1,1,0,0.05064577795565128,1,0,2487,3
4007,False,1,1,0,0.053219583933241665,1,0,2487,3
4008,False,1,1,0,0.050612725084647536,1,0,2487,3
4009,False,1,1,0,0.05001135298516601,1,0,2487,3
4010,False,1,1,0,0.04978424101136625,1,0,2487,3
4011,False,1,1,0,0.051233898964710534,1,0,2487,3
4012,False,1,1,0,0.04957371298223734,1,0,2487,3
4013,False,1,1,0,0.04972544393967837,1,0,2487,3
4014,False,1,1,0,0.04977649403735995,1,0,2487,3
4015,False,1,1,0,0.049641894991509616,1,0,2487,3
4016,False,1,1,0,0.049735796987079084,1,0,2487,3
4017,False,1,1,0,0.04955258406698704,1,0,2487,3
4018,False,1,1,0,0.049445730983279645,1,0,2487,3
4019,False,1,1,0,0.051833458011969924,1,0,2487,3
4020,False,1,1,0,0.05005073198117316,1,0,2487,3
4021,False,1,1,0,0.049799937987700105,1,0,2487,3
4022,False,1,1,0,0.04949256498366594,1,0,2487,3
4023,False,1,1,0,0.049916525022126734,1,0,2487,3
4024,False,1,1,0,0.05030343809630722,1,0,2487,3
4025,False,1,1,0,0.05164107691962272,1,0,2487,3
4026,False,1,1,0,0.06342641601804644,1,0,2487,3
4027,False,1,1,0,0.06542723602615297,1,0,2487,3
4028,False,1,1,0,0.053535016952082515,1,0,2487,3
4029,False,1,1,0,0.051649491069838405,1,0,2487,3
4030,False,1,1,0,0.04984990495722741,1,0,2487,3
4031,False,1,1,0,0.05011398496571928,1,0,2487,3
4032,False,1,1,0,0.049899109988473356,1,0,2487,3
4033,False,1,1,0,0.049716797075234354,1,0,2487,3
4034,False,1,1,0,0.0501408779527992,1,0,2487,3
4035,False,1,1,0,0.049476785003207624,1,0,2487,3
4036,False,1,1,0,0.04986106511205435,1,0,2487,3
4037,False,1,1,0,0.04951069608796388,1,0,2487,3
4038,False,1,1,0,0.04983507201541215,1,0,2487,3
4039,False,1,1,0,0.050718610058538616,1,0,2487,3
4040,False,1,1,0,0.0496361170662567,1,0,2487,3
4041,False,1,1,0,0.04943530494347215,1,0,2487,3
4042,False,1,1,0,0.050009067985229194,1,0,2487,3
4043,False,1,1,0,0.04972333903424442,1,0,2487,3
4044,False,1,1,0,0.04955866700038314,1,0,2487,3
4045,False,1,1,0,0.049551066011190414,1,0,2487,3
4046,False,1,1,0,0.05068405100610107,1,0,2487,3
4047,False,1,1,0,0.05425275699235499,1,0,2487,3
4048,False,1,1,0,0.053211054066196084,1,0,2487,3
4049,False,1,1,0,0.051165224984288216,1,0,2487,3
4050,False,1,1,0,0.05050538794603199,1,0,2487,3
4051,False,1,1,0,0.04949381004553288,1,0,2487,3
4052,False,1,1,0,0.04963191004935652,1,0,2487,3
4053,False,1,1,0,0.04965938301756978,1,0,2487,3
4054,False,1,1,0,0.04963466909248382,1,0,2487,3
4055,False,1,1,0,0.04962738894391805,1,0,2487,3
4056,False,1,1,0,0.04974030691664666,1,0,2487,3
4057,False,1,1,0,0.04947060300037265,1,0,2487,3
4058,False,1,1,0,0.04950769292190671,1,0,2487,3
4059,False,1,1,0,0.04951647494453937,1,0,2487,3
4060,False,1,1,0,0.04936657496728003,1,0,2487,3
4061,False,1,1,0,0.04994549904949963,1,0,2487,3
4062,False,1,1,0,0.049935872899368405,1,0,2487,3
4063,False,1,1,0,0.04946637200191617,1,0,2487,3
4064,False,1,1,0,0.04930050706025213,1,0,2487,3
4065,False,1,1,0,0.05002956499811262,1,0,2487,3
4066,False,1,1,0,0.050086364964954555,1,0,2487,3
4067,False,1,1,0,0.04953146504703909,1,0,2487,3
4068,False,1,1,0,0.053306931047700346,1,0,2487,3
4069,False,1,1,0,0.04972947598434985,1,0,2487,3
4070,False,1,1,0,0.050339295994490385,1,0,2487,3
4071,False,1,1,0,0.04933439497835934,1,0,2487,3
4072,False,1,1,0,0.04998039593920112,1,0,2487,3
4073,False,1,1,0,0.04948974004946649,1,0,2487,3
4074,False,1,1,0,0.049412517924793065,1,0,2487,3
4075,False,1,1,0,0.049386849044822156,1,0,2487,3
4076,False,1,1,0,0.04974451195448637,1,0,2487,3
4077,False,1,1,0,0.04971719195600599,1,0,2487,3
4078,False,1,1,0,0.04921146796550602,1,0,2487,3
4079,False,1,1,0,0.05143577791750431,1,0,2487,3
4080,False,1,1,0,0.05026880803052336,1,0,2487,3
4081,False,1,1,0,0.04930514609441161,1,0,2487,3
4082,False,1,1,0,0.05105849599931389,1,0,2487,3
4083,False,1,1,0,0.05320315505377948,1,0,2487,3
4084,False,1,1,0,0.055210054968483746,1,0,2487,3
4085,False,1,1,0,0.05453681107610464,1,0,2487,3
4086,False,1,1,0,0.05522008903790265,1,0,2487,3
4087,False,1,1,0,0.05101839196868241,1,0,2487,3
4088,False,1,1,0,0.0530119399772957,1,0,2487,3
4089,False,1,1,0,0.050121322041377425,1,0,2487,3
4090,False,1,1,0,0.050496416981332004,1,0,2487,3
4091,False,1,1,0,0.04983087000437081,1,0,2487,3
4092,False,1,1,0,0.050283349002711475,1,0,2487,3
4093,False,1,1,0,0.05021076404955238,1,0,2487,3
4094,False,1,1,0,0.04943204310256988,1,0,2487,3
4095,False,1,1,0,0.04978658794425428,0,0,2490,0
